{
    "$schema": "http://datafactories.schema.management.azure.com/schemas/2015-08-01/Microsoft.DataFactory.LinkedService.json",
    "name": "AzureBatchLinkedService",
    "properties": {
        "type": "AzureBatch",
        "typeProperties": {
            "accountName": "<nameoftheaccountNOTwholeURL>",
            "accessKey": "<Bach access key>",
            "poolName": "<name of the Batch pool>",
            "batchUri": "<URL without accountName. Ex: https://<region>.batch.azure.com>",
            "linkedServiceName": "AzureStorageLinkedService"        
	}
    }
}