{
	"$schema": "http://schema.management.azure.com/schemas/2015-01-01/deploymentTemplate.json#",
	"contentVersion": "1.0.0.0",
	"parameters": {
		"factoryName": {
			"type": "string",
			"metadata": "Data Factory Name"
		},
		"AzureBlobStorage1": {
			"type": "string"
		},
		"AzureSqlDatabase1": {
			"type": "string"
		}
	},
	"variables": {
		"factoryId": "[concat('Microsoft.DataFactory/factories/', parameters('factoryName'))]"
	},
	"resources": [
		{
			"name": "[concat(parameters('factoryName'), '/DimEmployeePipeline')]",
			"type": "Microsoft.DataFactory/factories/pipelines",
			"apiVersion": "2018-06-01",
			"properties": {
				"activities": [
					{
						"name": "LoadDimEmployee",
						"type": "ExecuteDataFlow",
						"policy": {
							"timeout": "7.00:00:00",
							"retry": 3,
							"retryIntervalInSeconds": 30,
							"secureOutput": false,
							"secureInput": false
						},
						"typeProperties": {
							"dataflow": {
								"referenceName": "DimEmployeeLoader2",
								"type": "DataFlowReference"
							},
							"compute": {
								"computeType": "General",
								"coreCount": 8
							}
						}
					}
				],
				"folder": {
					"name": "Demos"
				}
			},
			"dependsOn": [
				"[concat(variables('factoryId'), '/dataflows/DimEmployeeLoader2')]"
			]
		},
		{
			"name": "[concat(parameters('factoryName'), '/DimEmployeeLoader2')]",
			"type": "Microsoft.DataFactory/factories/dataflows",
			"apiVersion": "2018-06-01",
			"properties": {
				"type": "MappingDataFlow",
				"typeProperties": {
					"sources": [
						{
							"dataset": {
								"referenceName": "EmployeeFiles",
								"type": "DatasetReference"
							},
							"name": "Employees1",
							"description": " Source employees file, changes every day",
							"script": "source(output(\n\t\tEmpID as string,\n\t\tRegion as string,\n\t\tStatus as string,\n\t\tFunction as string,\n\t\tLevel as string,\n\t\tRole as string,\n\t\tStartDate as string,\n\t\tEndDate as string\n\t),\n\tallowSchemaDrift: true,\n\tvalidateSchema: false,\n\tpurgeFiles: true,\n\twildcardPaths:['SampleData/Emps/today/*.csv']) ~> Employees1"
						},
						{
							"dataset": {
								"referenceName": "DimEmp",
								"type": "DatasetReference"
							},
							"name": "DimEmployees",
							"description": "Current rows in DimEmployees DW table",
							"script": "source(output(\n\t\tEmpID as integer,\n\t\tsurrogatekey as string,\n\t\tRegion as string,\n\t\tStatus as string,\n\t\tEmpFunction as string,\n\t\tLevel as string,\n\t\tRole as string,\n\t\tStartDate as date,\n\t\tEndDate as date,\n\t\tiscurrent as integer,\n\t\tprocesstime as timestamp\n\t),\n\tallowSchemaDrift: true,\n\tvalidateSchema: false,\n\tformat: 'table') ~> DimEmployees"
						}
					],
					"sinks": [
						{
							"dataset": {
								"referenceName": "DimEmp",
								"type": "DatasetReference"
							},
							"name": "sinkNew",
							"description": " ",
							"script": "SetAttrsForNew sink(input(\n\t\tEmpID as integer,\n\t\tsurrogatekey as string,\n\t\tRegion as string,\n\t\tStatus as string,\n\t\tEmpFunction as string,\n\t\tLevel as string,\n\t\tRole as string,\n\t\tStartDate as date,\n\t\tEndDate as date,\n\t\tiscurrent as integer,\n\t\tprocesstime as timestamp\n\t),\n\tallowSchemaDrift: true,\n\tvalidateSchema: false,\n\tformat: 'table',\n\tbatchSize:50,\n\tdeletable:false,\n\tinsertable:true,\n\tupdateable:false,\n\tupsertable:false,\n\tpartitionBy('roundRobin', 4)) ~> sinkNew"
						},
						{
							"dataset": {
								"referenceName": "DimEmp",
								"type": "DatasetReference"
							},
							"name": "sinkUpdates",
							"description": " ",
							"script": "SetAttrsUpdate sink(input(\n\t\tEmpID as integer,\n\t\tsurrogatekey as string,\n\t\tRegion as string,\n\t\tStatus as string,\n\t\tEmpFunction as string,\n\t\tLevel as string,\n\t\tRole as string,\n\t\tStartDate as date,\n\t\tEndDate as date,\n\t\tiscurrent as integer,\n\t\tprocesstime as timestamp\n\t),\n\tallowSchemaDrift: true,\n\tvalidateSchema: false,\n\tformat: 'table',\n\tbatchSize:50,\n\tdeletable:false,\n\tinsertable:true,\n\tupdateable:false,\n\tupsertable:false,\n\tpartitionBy('roundRobin', 4)) ~> sinkUpdates"
						},
						{
							"dataset": {
								"referenceName": "DimEmp",
								"type": "DatasetReference"
							},
							"name": "sinkInactive",
							"description": " Age out old rows",
							"script": "AlterRow1 sink(input(\n\t\tEmpID as integer,\n\t\tsurrogatekey as string,\n\t\tRegion as string,\n\t\tStatus as string,\n\t\tEmpFunction as string,\n\t\tLevel as string,\n\t\tRole as string,\n\t\tStartDate as date,\n\t\tEndDate as date,\n\t\tiscurrent as integer,\n\t\tprocesstime as timestamp\n\t),\n\tallowSchemaDrift: true,\n\tvalidateSchema: false,\n\tformat: 'table',\n\tbatchSize:50,\n\tdeletable:false,\n\tinsertable:false,\n\tupdateable:true,\n\tupsertable:false,\n\tkeys:['EmpID'],\n\tmapColumn(\n\t\tEmpID,\n\t\tEndDate,\n\t\tiscurrent,\n\t\tprocesstime\n\t),\n\tpartitionBy('roundRobin', 4)) ~> sinkInactive"
						}
					],
					"transformations": [
						{
							"name": "TypeConversions",
							"script": "DimEmployees derive(EmpID = toInteger(EmpID)) ~> TypeConversions"
						},
						{
							"name": "TypeConversionsAndSetAttrs",
							"script": "NullFilter derive(EmpID = toInteger(EmpID),\n\t\tStartDate = toDate(StartDate,'MM/dd/yyyy'),\n\t\tEndDate = toDate(EndDate,'MM/dd/yyyy'),\n\t\tprocesstime = currentTimestamp()) ~> TypeConversionsAndSetAttrs"
						},
						{
							"name": "LookupIDs",
							"script": "TypeConversionsAndSetAttrs, TypeConversions lookup(TypeConversionsAndSetAttrs@EmpID == TypeConversions@EmpID,\n\tbroadcast: 'none')~> LookupIDs"
						},
						{
							"name": "ConditionalSplit1",
							"script": "NormNames split(isNull(iscurrent),\n\tdisjoint: false) ~> ConditionalSplit1@(NewRow, CheckForUpdates)"
						},
						{
							"name": "checkForChanges",
							"script": "NameNorm2, TypeConversions exists(NameNorm2@EmpID == TypeConversions@EmpID,\n\tnegate:false,\n\tbroadcast: 'none')~> checkForChanges"
						},
						{
							"name": "SetAttrsForNew",
							"script": "ConditionalSplit1@NewRow derive(iscurrent = 1,\n\t\tsurrogatekey = toString(crc32(EmpID,EmpFunction))) ~> SetAttrsForNew"
						},
						{
							"name": "SetAttrsInactive",
							"description": "make iscurrent 0",
							"script": "checkForChanges derive(iscurrent = 0) ~> SetAttrsInactive"
						},
						{
							"name": "SetAttrsUpdate",
							"script": "checkForChanges derive(iscurrent = 1) ~> SetAttrsUpdate"
						},
						{
							"name": "NormNames",
							"script": "LookupIDs select(mapColumn(\n\t\tEmpID = TypeConversionsAndSetAttrs@EmpID,\n\t\tRegion = Employees1@Region,\n\t\tStatus = Employees1@Status,\n\t\tLevel = Employees1@Level,\n\t\tRole = Employees1@Role,\n\t\tStartDate = TypeConversionsAndSetAttrs@StartDate,\n\t\tEndDate = TypeConversionsAndSetAttrs@EndDate,\n\t\tEmpFunction = Function,\n\t\tiscurrent,\n\t\tprocesstime = TypeConversionsAndSetAttrs@processtime,\n\t\tsurrogatekey\n\t))~> NormNames"
						},
						{
							"name": "InactiveFields",
							"script": "SetAttrsInactive select(mapColumn(\n\t\tEmpID,\n\t\tStatus,\n\t\tEndDate,\n\t\tiscurrent,\n\t\tprocesstime\n\t))~> InactiveFields"
						},
						{
							"name": "AlterRow1",
							"script": "InactiveFields alterRow(updateIf(true())) ~> AlterRow1"
						},
						{
							"name": "NullFilter",
							"description": "Filter out NULLs from source file",
							"script": "Employees1 filter(!isNull(EmpID)) ~> NullFilter"
						},
						{
							"name": "NameNorm2",
							"script": "ConditionalSplit1@CheckForUpdates select(mapColumn(\n\t\tEmpID,\n\t\tRegion,\n\t\tStatus,\n\t\tLevel,\n\t\tRole,\n\t\tStartDate,\n\t\tEndDate,\n\t\tEmpFunction,\n\t\tiscurrent,\n\t\tprocesstime,\n\t\tsurrogatekey\n\t))~> NameNorm2"
						}
					]
				}
			},
			"dependsOn": [
				"[concat(variables('factoryId'), '/datasets/EmployeeFiles')]",
				"[concat(variables('factoryId'), '/datasets/DimEmp')]"
			]
		},
		{
			"name": "[concat(parameters('factoryName'), '/EmployeeFiles')]",
			"type": "Microsoft.DataFactory/factories/datasets",
			"apiVersion": "2018-06-01",
			"properties": {
				"linkedServiceName": {
					"referenceName": "[parameters('AzureBlobStorage1')]",
					"type": "LinkedServiceReference"
				},
				"type": "DelimitedText",
				"typeProperties": {
					"location": {
						"type": "AzureBlobStorageLocation",
						"folderPath": "",
						"container": "mycontainer"
					},
					"columnDelimiter": ",",
					"firstRowAsHeader": true
				},
				"schema": [
					{
						"name": "EmpID",
						"type": "String"
					},
					{
						"name": "Region",
						"type": "String"
					},
					{
						"name": "Status",
						"type": "String"
					},
					{
						"name": "Function",
						"type": "String"
					},
					{
						"name": "Level",
						"type": "String"
					},
					{
						"name": "Role",
						"type": "String"
					},
					{
						"name": "StartDate",
						"type": "String"
					},
					{
						"name": "EndDate",
						"type": "String"
					}
				]
			}
		},
		{
			"name": "[concat(parameters('factoryName'), '/DimEmp')]",
			"type": "Microsoft.DataFactory/factories/datasets",
			"apiVersion": "2018-06-01",
			"properties": {
				"linkedServiceName": {
					"referenceName": "[parameters('AzureSqlDatabase1')]",
					"type": "LinkedServiceReference"
				},
				"type": "AzureSqlTable",
				"schema": [
					{
						"name": "EmpID",
						"type": "int",
						"precision": 10
					},
					{
						"name": "surrogatekey",
						"type": "nvarchar"
					},
					{
						"name": "Region",
						"type": "nvarchar"
					},
					{
						"name": "Status",
						"type": "nvarchar"
					},
					{
						"name": "EmpFunction",
						"type": "nvarchar"
					},
					{
						"name": "Level",
						"type": "nvarchar"
					},
					{
						"name": "Role",
						"type": "nvarchar"
					},
					{
						"name": "StartDate",
						"type": "date"
					},
					{
						"name": "EndDate",
						"type": "date"
					},
					{
						"name": "iscurrent",
						"type": "int",
						"precision": 10
					},
					{
						"name": "processtime",
						"type": "datetime",
						"precision": 23,
						"scale": 3
					}
				],
				"typeProperties": {
					"tableName": "[concat('[', 'dbo].[DimEmp]')]"
				}
			}
		}
	]
}