{
    "name": "pipeline1",
    "properties": {
        "activities": [
            {
                "name": "Copy Data1",
                "type": "Copy",
                "policy": {
                    "timeout": "7.00:00:00",
                    "retry": 0,
                    "retryIntervalInSeconds": 30,
                    "secureOutput": false,
                    "secureInput": false
                },
                "typeProperties": {
                    "source": {
                        "type": "BlobSource",
                        "recursive": true
                    },
                    "sink": {
                        "type": "DelimitedTextSink",
                        "storeSettings": {
                            "type": "AzureBlobStorageWriteSetting"
                        },
                        "formatSettings": {
                            "type": "DelimitedTextWriteSetting",
                            "quoteAllText": true,
                            "fileExtension": ".csv"
                        }
                    },
                    "enableStaging": false
                },
                "inputs": [
                    {
                        "referenceName": "sourcejson",
                        "type": "DatasetReference"
                    }
                ],
                "outputs": [
                    {
                        "referenceName": "sourcecsv",
                        "type": "DatasetReference"
                    }
                ]
            }
        ]
    },
    "type": "Microsoft.DataFactory/factories/pipelines"
}