{
    "name": "pipeline2",
    "properties": {
        "activities": [
            {
                "name": "dataflow1",
                "type": "ExecuteDataFlow",
                "policy": {
                    "timeout": "7.00:00:00",
                    "retry": 0,
                    "retryIntervalInSeconds": 30,
                    "secureOutput": false,
                    "secureInput": false
                },
                "typeProperties": {
                    "dataflow": {
                        "referenceName": "dataflow1",
                        "type": "DataFlowReference"
                    }
                }
            }
        ]
    }
}