{
    "name": "sourcejson",
    "properties": {
        "linkedServiceName": {
            "referenceName": "AzureBlobStorage1",
            "type": "LinkedServiceReference"
        },
        "type": "AzureBlob",
        "structure": [
            {
                "name": "id",
                "type": "Int64"
            },
            {
                "name": "first_name",
                "type": "String"
            },
            {
                "name": "last_name",
                "type": "String"
            },
            {
                "name": "email",
                "type": "String"
            },
            {
                "name": "gender",
                "type": "String"
            },
            {
                "name": "ip_address",
                "type": "String"
            },
            {
                "name": "company",
                "type": "String"
            }
        ],
        "typeProperties": {
            "format": {
                "type": "JsonFormat",
                "filePattern": "setOfObjects",
                "jsonPathDefinition": {
                    "id": "$.['id']",
                    "first_name": "$.['first_name']",
                    "last_name": "$.['last_name']",
                    "email": "$.['email']",
                    "gender": "$.['gender']",
                    "ip_address": "$.['ip_address']",
                    "company": "$.['company']"
                }
            },
            "fileName": "",
            "folderPath": "sourcejson"
        }
    },
    "type": "Microsoft.DataFactory/factories/datasets"
}