{
    "$schema": "http://schema.management.azure.com/schemas/2015-01-01/deploymentTemplate.json#",
    "contentVersion": "1.0.0.0",
    "parameters": {
        "factoryName": {
            "type": "string",
            "metadata": "Data Factory name",
            "defaultValue": "AcAzAdf"
        }
    },
    "variables": {
        "factoryId": "[concat('Microsoft.DataFactory/factories/', parameters('factoryName'))]"
    },
    "resources": [
        {
            "name": "[concat(parameters('factoryName'), '/01-Grandparent')]",
            "type": "Microsoft.DataFactory/factories/pipelines",
            "apiVersion": "2018-06-01",
            "properties": {
                "description": "ADF.procfwk grandparent pipeline used optionally to bootstrap any wider processes in your Data Factory that then calls the processing framework.",
                "activities": [
                    {
                        "name": "Framework Processing",
                        "type": "ExecutePipeline",
                        "dependsOn": [
                            {
                                "activity": "Set Random Waits",
                                "dependencyConditions": [
                                    "Succeeded"
                                ]
                            }
                        ],
                        "userProperties": [],
                        "typeProperties": {
                            "pipeline": {
                                "referenceName": "02-Parent",
                                "type": "PipelineReference"
                            },
                            "waitOnCompletion": true,
                            "parameters": {}
                        }
                    },
                    {
                        "name": "Set Random Waits",
                        "description": "For functional testing only.",
                        "type": "SqlServerStoredProcedure",
                        "dependsOn": [],
                        "policy": {
                            "timeout": "7.00:00:00",
                            "retry": 0,
                            "retryIntervalInSeconds": 30,
                            "secureOutput": false,
                            "secureInput": false
                        },
                        "userProperties": [],
                        "typeProperties": {
                            "storedProcedureName": "[[dbo].[SetRandomWaitValues]"
                        },
                        "linkedServiceName": {
                            "referenceName": "SupportDatabase",
                            "type": "LinkedServiceReference"
                        }
                    }
                ],
                "folder": {
                    "name": "_ProcFwk"
                },
                "annotations": [
                    "ADF.procfwk"
                ]
            },
            "dependsOn": []
        },
        {
            "name": "[concat(parameters('factoryName'), '/FunctionalTestingTrigger')]",
            "type": "Microsoft.DataFactory/factories/triggers",
            "apiVersion": "2018-06-01",
            "properties": {
                "description": "Used for functional testing of the framework in a dedicated environment.",
                "annotations": [
                    "ADF.procfwk"
                ],
                "runtimeState": "Stopped",
                "pipelines": [
                    {
                        "pipelineReference": {
                            "referenceName": "01-Grandparent",
                            "type": "PipelineReference"
                        },
                        "parameters": {}
                    }
                ],
                "type": "ScheduleTrigger",
                "typeProperties": {
                    "recurrence": {
                        "frequency": "Hour",
                        "interval": 2,
                        "startTime": "2020-04-06T15:00:00.000Z",
                        "timeZone": "UTC"
                    }
                }
            },
            "dependsOn": [
                "[concat(variables('factoryId'), '/pipelines/01-Grandparent')]"
            ]
        }
    ]
}