{
	"$schema": "http://schema.management.azure.com/schemas/2015-01-01/deploymentTemplate.json#",
	"contentVersion": "1.0.0.0",
	"parameters": {
		"factoryName": {
			"type": "string",
			"metadata": "Data Factory Name"
		},
		"LinkedService_for_Source_Dataset": {
			"type": "string"
		}
	},
	"variables": {
		"factoryId": "[concat('Microsoft.DataFactory/factories/', parameters('factoryName'))]"
	},
	"resources": [
		{
			"name": "[concat(parameters('factoryName'), '/Delete files with Azure Data Factory')]",
			"type": "Microsoft.DataFactory/factories/pipelines",
			"apiVersion": "2018-06-01",
			"properties": {
			    "description": "Please input a folder path as the parameter for this pipeline, and the pipeline will delete files which were last modified more than 30 days ago under the particular folder path.",
				"activities": [
					{
						"name": "DeleteFiles",
						"type": "Delete",
						"policy": {
							"timeout": "7.00:00:00",
							"retry": 0,
							"retryIntervalInSeconds": 30,
							"secureOutput": false,
							"secureInput": false
						},
						"typeProperties": {
							"dataset": {
								"referenceName": "DatasetForDeleteActivity",
								"type": "DatasetReference",
								"parameters": {
									"FolderPath": {
										"value": "@pipeline().parameters.FolderPath",
										"type": "Expression"
									}
								}
							},
							"recursive": true,
							"enableLogging": true
						}
					}
				],
				"parameters": {
					"FolderPath": {
						"type": "String",
						"defaultValue": "/<mycontainer>/<myfolder>/"
					}
				}
			},
			"dependsOn": [
				"[concat(variables('factoryId'), '/datasets/DatasetForDeleteActivity')]"
			]
		},
		{
			"name": "[concat(parameters('factoryName'), '/DatasetForDeleteActivity')]",
			"type": "Microsoft.DataFactory/factories/datasets",
			"apiVersion": "2018-06-01",
			"properties": {
				"description": "Connect to your storage store to delete files.",
				"linkedServiceName": {
					"referenceName": "[parameters('LinkedService_for_Source_Dataset')]",
					"type": "LinkedServiceReference"
				},
				"parameters": {
					"FolderPath": {
						"type": "String"
					}
				},
				"type": "AzureBlob",
				"typeProperties": {
                    "fileName": "*",
					"folderPath": {
						"value": "@dataset().FolderPath",
						"type": "Expression"
					},
					"modifiedDatetimeEnd": {
						"value": "@adddays(pipeline().TriggerTime, -30)",
						"type": "Expression"
					}
				}
			}
		}
	]
}