{"$schema":"http://schema.management.azure.com/schemas/2015-01-01/deploymentTemplate.json#","contentVersion":"1.0.0.0","parameters":{"factoryName":{"type":"string","metadata":"Data Factory name"}},"variables":{"factoryId":"[concat('Microsoft.DataFactory/factories/', parameters('factoryName'))]"},"resources":[{"name":"[concat(parameters('factoryName'), '/Wait 1')]","type":"Microsoft.DataFactory/factories/pipelines","apiVersion":"2018-06-01","properties":{"description":"Used just so the ADF.procfwk has something to call during development.","activities":[{"name":"Wait1","type":"Wait","dependsOn":[],"userProperties":[],"typeProperties":{"waitTimeInSeconds":{"value":"@pipeline().parameters.WaitTime","type":"Expression"}}}],"parameters":{"WaitTime":{"type":"int","defaultValue":5}},"folder":{"name":"_Workers"},"annotations":["Worker"]},"dependsOn":[]}]}