{
    "$schema": "http://schema.management.azure.com/schemas/2015-01-01/deploymentTemplate.json#",
    "contentVersion": "1.0.0.0",
    "parameters": {
        "factoryName": {
            "type": "string",
            "metadata": "Data Factory name",
            "defaultValue": "TSAADFPROD01"
        }
    },
    "variables": {
        "factoryId": "[concat('Microsoft.DataFactory/factories/', parameters('factoryName'))]"
    },
    "resources": [
        {
            "name": "[concat(parameters('factoryName'), '/INTEGRATION__ingress_StageArea')]",
            "type": "Microsoft.DataFactory/factories/pipelines",
            "apiVersion": "2018-06-01",
            "properties": {
                "description": "Execute generated DLTs on the Tharisa on prem environment",
                "activities": [
                    {
                        "name": "LoadProcExports",
                        "type": "Copy",
                        "dependsOn": [],
                        "policy": {
                            "timeout": "7.00:00:00",
                            "retry": 0,
                            "retryIntervalInSeconds": 30,
                            "secureOutput": false,
                            "secureInput": false
                        },
                        "userProperties": [],
                        "typeProperties": {
                            "source": {
                                "type": "AzureSqlSource",
                                "queryTimeout": "02:00:00",
                                "partitionOption": "None"
                            },
                            "sink": {
                                "type": "SqlServerSink",
                                "preCopyScript": "  TRUNCATE TABLE [INTEGRATION].[Ensamble_Config]"
                            },
                            "enableStaging": false,
                            "translator": {
                                "type": "TabularTranslator",
                                "mappings": [
                                    {
                                        "source": {
                                            "name": "ConfigID"
                                        },
                                        "sink": {
                                            "name": "ConfigID"
                                        }
                                    },
                                    {
                                        "source": {
                                            "name": "DatabaseInstanceName"
                                        },
                                        "sink": {
                                            "name": "DatabaseInstanceName"
                                        }
                                    },
                                    {
                                        "source": {
                                            "name": "DatabaseName"
                                        },
                                        "sink": {
                                            "name": "DatabaseName"
                                        }
                                    },
                                    {
                                        "source": {
                                            "name": "SchemaName"
                                        },
                                        "sink": {
                                            "name": "SchemaName"
                                        }
                                    },
                                    {
                                        "source": {
                                            "name": "DataEntityName"
                                        },
                                        "sink": {
                                            "name": "DataEntityName"
                                        }
                                    },
                                    {
                                        "source": {
                                            "name": "ElementFullyQualified"
                                        },
                                        "sink": {
                                            "name": "ElementFullyQualifiedName"
                                        }
                                    },
                                    {
                                        "source": {
                                            "name": "MetricTypeName"
                                        },
                                        "sink": {
                                            "name": "MetricTypeName"
                                        }
                                    },
                                    {
                                        "source": {
                                            "name": "ScheduleID"
                                        },
                                        "sink": {
                                            "name": "ScheduleID"
                                        }
                                    },
                                    {
                                        "source": {
                                            "name": "TimeGrainCode"
                                        },
                                        "sink": {
                                            "name": "TimeGrainCode"
                                        }
                                    },
                                    {
                                        "source": {
                                            "name": "TimeGrainDescription"
                                        },
                                        "sink": {
                                            "name": "TimeGrainDescription"
                                        }
                                    },
                                    {
                                        "source": {
                                            "name": "VelocityTypeID"
                                        },
                                        "sink": {
                                            "name": "VelocityTypeID"
                                        }
                                    },
                                    {
                                        "source": {
                                            "name": "VelocityType"
                                        },
                                        "sink": {
                                            "name": "VelocityType"
                                        }
                                    },
                                    {
                                        "source": {
                                            "name": "MetricDefinition"
                                        },
                                        "sink": {
                                            "name": "MetricDefinition"
                                        }
                                    },
                                    {
                                        "source": {
                                            "name": "CreatedDT"
                                        },
                                        "sink": {
                                            "name": "CreatedDT"
                                        }
                                    },
                                    {
                                        "source": {
                                            "name": "IsActive"
                                        },
                                        "sink": {
                                            "name": "IsActive"
                                        }
                                    }
                                ],
                                "typeConversion": true,
                                "typeConversionSettings": {
                                    "allowDataTruncation": true,
                                    "treatBooleanAsNumber": false
                                }
                            }
                        },
                        "inputs": [
                            {
                                "referenceName": "LoiaProcExports",
                                "type": "DatasetReference",
                                "parameters": {}
                            }
                        ],
                        "outputs": [
                            {
                                "referenceName": "INTEGRATION_egress_ETL_Config",
                                "type": "DatasetReference",
                                "parameters": {}
                            }
                        ]
                    },
                    {
                        "name": "INTEGRATION_sp_Merge_Ensamble_Config",
                        "type": "SqlServerStoredProcedure",
                        "dependsOn": [
                            {
                                "activity": "LoadProcExports",
                                "dependencyConditions": [
                                    "Succeeded"
                                ]
                            }
                        ],
                        "policy": {
                            "timeout": "7.00:00:00",
                            "retry": 0,
                            "retryIntervalInSeconds": 30,
                            "secureOutput": false,
                            "secureInput": false
                        },
                        "userProperties": [],
                        "typeProperties": {
                            "storedProcedureName": "[[INTEGRATION].[sp_Merge_Ensamble_Config]"
                        },
                        "linkedServiceName": {
                            "referenceName": "TSABISQL02_STAGSSIS_DataManager_Local",
                            "type": "LinkedServiceReference"
                        }
                    }
                ],
                "annotations": []
            },
            "dependsOn": []
        },
        {
            "name": "[concat(parameters('factoryName'), '/LoadControl')]",
            "type": "Microsoft.DataFactory/factories/pipelines",
            "apiVersion": "2018-06-01",
            "properties": {
                "activities": [
                    {
                        "name": "LoadControl",
                        "description": "1",
                        "type": "Copy",
                        "dependsOn": [],
                        "policy": {
                            "timeout": "7.00:00:00",
                            "retry": 0,
                            "retryIntervalInSeconds": 30,
                            "secureOutput": false,
                            "secureInput": false
                        },
                        "userProperties": [],
                        "typeProperties": {
                            "source": {
                                "type": "SqlServerSource",
                                "partitionOption": "None"
                            },
                            "sink": {
                                "type": "AzureSqlSink",
                                "writeBatchSize": 10000,
                                "preCopyScript": "TRUNCATE TABLE INTEGRATION.ingress_LoadControl"
                            },
                            "enableStaging": false,
                            "translator": {
                                "type": "TabularTranslator",
                                "mappings": [
                                    {
                                        "source": {
                                            "name": "LoadControlID",
                                            "type": "Int32"
                                        },
                                        "sink": {
                                            "name": "LoadControlID",
                                            "type": "Int32"
                                        }
                                    },
                                    {
                                        "source": {
                                            "name": "LoadConfigID",
                                            "type": "Int32"
                                        },
                                        "sink": {
                                            "name": "LoadConfigID",
                                            "type": "Int32"
                                        }
                                    },
                                    {
                                        "source": {
                                            "name": "CreatedDT",
                                            "type": "DateTime"
                                        },
                                        "sink": {
                                            "name": "CreatedDT",
                                            "type": "DateTime"
                                        }
                                    },
                                    {
                                        "source": {
                                            "name": "QueuedForProcessingDT",
                                            "type": "DateTime"
                                        },
                                        "sink": {
                                            "name": "QueuedForProcessingDT",
                                            "type": "DateTime"
                                        }
                                    },
                                    {
                                        "source": {
                                            "name": "ProcessingStartDT",
                                            "type": "DateTime"
                                        },
                                        "sink": {
                                            "name": "ProcessingStartDT",
                                            "type": "DateTime"
                                        }
                                    },
                                    {
                                        "source": {
                                            "name": "ProcessingFinishedDT",
                                            "type": "DateTime"
                                        },
                                        "sink": {
                                            "name": "ProcessingFinishedDT",
                                            "type": "DateTime"
                                        }
                                    },
                                    {
                                        "source": {
                                            "name": "LastProcessingPrimaryKey",
                                            "type": "String"
                                        },
                                        "sink": {
                                            "name": "LastProcessingPrimaryKey",
                                            "type": "String"
                                        }
                                    },
                                    {
                                        "source": {
                                            "name": "LastProcessingTransactionNo",
                                            "type": "String"
                                        },
                                        "sink": {
                                            "name": "LastProcessingTransactionNo",
                                            "type": "String"
                                        }
                                    },
                                    {
                                        "source": {
                                            "name": "NewRecordDDL",
                                            "type": "String"
                                        },
                                        "sink": {
                                            "name": "NewRecordDDL",
                                            "type": "String"
                                        }
                                    },
                                    {
                                        "source": {
                                            "name": "UpdatedRecordDDL",
                                            "type": "String"
                                        },
                                        "sink": {
                                            "name": "UpdatedRecordDDL",
                                            "type": "String"
                                        }
                                    },
                                    {
                                        "source": {
                                            "name": "CreateTempTableDDL",
                                            "type": "String"
                                        },
                                        "sink": {
                                            "name": "CreateTempTableDDL",
                                            "type": "String"
                                        }
                                    },
                                    {
                                        "source": {
                                            "name": "TempTableName",
                                            "type": "String"
                                        },
                                        "sink": {
                                            "name": "TempTableName",
                                            "type": "String"
                                        }
                                    },
                                    {
                                        "source": {
                                            "name": "UpdateStatementDDL",
                                            "type": "String"
                                        },
                                        "sink": {
                                            "name": "UpdateStatementDDL",
                                            "type": "String"
                                        }
                                    },
                                    {
                                        "source": {
                                            "name": "GetLastProcessingKeyValueDDL",
                                            "type": "String"
                                        },
                                        "sink": {
                                            "name": "GetLastProcessingKeyValueDDL",
                                            "type": "String"
                                        }
                                    },
                                    {
                                        "source": {
                                            "name": "DeleteStatementDDL",
                                            "type": "String"
                                        },
                                        "sink": {
                                            "name": "DeleteStatementDDL",
                                            "type": "String"
                                        }
                                    },
                                    {
                                        "source": {
                                            "name": "IsLastRunFailed",
                                            "type": "Boolean"
                                        },
                                        "sink": {
                                            "name": "IsLastRunFailed",
                                            "type": "Boolean"
                                        }
                                    },
                                    {
                                        "source": {
                                            "name": "ProcessingState",
                                            "type": "String"
                                        },
                                        "sink": {
                                            "name": "ProcessingState",
                                            "type": "String"
                                        }
                                    },
                                    {
                                        "source": {
                                            "name": "NextScheduledRunTime",
                                            "type": "DateTime"
                                        },
                                        "sink": {
                                            "name": "NextScheduledRunTime",
                                            "type": "DateTime"
                                        }
                                    }
                                ]
                            }
                        },
                        "inputs": [
                            {
                                "referenceName": "INTEGRATION_egress_LoadControl",
                                "type": "DatasetReference",
                                "parameters": {}
                            }
                        ],
                        "outputs": [
                            {
                                "referenceName": "INEGRATION_ingress_LoadControl",
                                "type": "DatasetReference",
                                "parameters": {}
                            }
                        ]
                    },
                    {
                        "name": "sp_load_LoadControl",
                        "type": "SqlServerStoredProcedure",
                        "dependsOn": [
                            {
                                "activity": "LoadControl",
                                "dependencyConditions": [
                                    "Succeeded"
                                ]
                            }
                        ],
                        "policy": {
                            "timeout": "7.00:00:00",
                            "retry": 0,
                            "retryIntervalInSeconds": 30,
                            "secureOutput": false,
                            "secureInput": false
                        },
                        "userProperties": [],
                        "typeProperties": {
                            "storedProcedureName": "[[INTEGRATION].[sp_load_LoadControl]"
                        },
                        "linkedServiceName": {
                            "referenceName": "tsaazbisql01",
                            "type": "LinkedServiceReference"
                        }
                    }
                ],
                "folder": {
                    "name": "ETL"
                },
                "annotations": []
            },
            "dependsOn": []
        },
        {
            "name": "[concat(parameters('factoryName'), '/Metric Vault Resutls')]",
            "type": "Microsoft.DataFactory/factories/pipelines",
            "apiVersion": "2018-06-01",
            "properties": {
                "description": "Loading of Metric vault results",
                "activities": [
                    {
                        "name": "EnsambleMetric_AggregateValue",
                        "type": "Copy",
                        "dependsOn": [],
                        "policy": {
                            "timeout": "7.00:00:00",
                            "retry": 0,
                            "retryIntervalInSeconds": 30,
                            "secureOutput": false,
                            "secureInput": false
                        },
                        "userProperties": [],
                        "typeProperties": {
                            "source": {
                                "type": "SqlServerSource",
                                "queryTimeout": "02:00:00",
                                "partitionOption": "None"
                            },
                            "sink": {
                                "type": "AzureSqlSink",
                                "disableMetricsCollection": false
                            },
                            "enableStaging": false,
                            "translator": {
                                "type": "TabularTranslator",
                                "typeConversion": true,
                                "typeConversionSettings": {
                                    "allowDataTruncation": true,
                                    "treatBooleanAsNumber": false
                                }
                            }
                        },
                        "inputs": [
                            {
                                "referenceName": "INTEGRATION_METRIC_EnsambleMetric_AggregateValue",
                                "type": "DatasetReference",
                                "parameters": {}
                            }
                        ],
                        "outputs": [
                            {
                                "referenceName": "INTEGRATION_ingress_EnsambleMetric_AggregateValue",
                                "type": "DatasetReference",
                                "parameters": {}
                            }
                        ]
                    },
                    {
                        "name": "EnsambleMetric_LastLoadDT",
                        "type": "Copy",
                        "dependsOn": [
                            {
                                "activity": "EnsambleMetric_AggregateValue",
                                "dependencyConditions": [
                                    "Succeeded"
                                ]
                            }
                        ],
                        "policy": {
                            "timeout": "7.00:00:00",
                            "retry": 0,
                            "retryIntervalInSeconds": 30,
                            "secureOutput": false,
                            "secureInput": false
                        },
                        "userProperties": [],
                        "typeProperties": {
                            "source": {
                                "type": "SqlServerSource",
                                "queryTimeout": "02:00:00",
                                "partitionOption": "None"
                            },
                            "sink": {
                                "type": "AzureSqlSink"
                            },
                            "enableStaging": false,
                            "translator": {
                                "type": "TabularTranslator",
                                "typeConversion": true,
                                "typeConversionSettings": {
                                    "allowDataTruncation": true,
                                    "treatBooleanAsNumber": false
                                }
                            }
                        },
                        "inputs": [
                            {
                                "referenceName": "EnsambleMetric_LastLoadDT",
                                "type": "DatasetReference",
                                "parameters": {}
                            }
                        ],
                        "outputs": [
                            {
                                "referenceName": "INTEGRATION_EnsambleMetric_LastLoadDT",
                                "type": "DatasetReference",
                                "parameters": {}
                            }
                        ]
                    },
                    {
                        "name": "EnsambleMetric_LastSourceSystemDT",
                        "type": "Copy",
                        "dependsOn": [
                            {
                                "activity": "EnsambleMetric_LastLoadDT",
                                "dependencyConditions": [
                                    "Succeeded"
                                ]
                            }
                        ],
                        "policy": {
                            "timeout": "7.00:00:00",
                            "retry": 0,
                            "retryIntervalInSeconds": 30,
                            "secureOutput": false,
                            "secureInput": false
                        },
                        "userProperties": [],
                        "typeProperties": {
                            "source": {
                                "type": "SqlServerSource",
                                "queryTimeout": "02:00:00",
                                "partitionOption": "None"
                            },
                            "sink": {
                                "type": "AzureSqlSink"
                            },
                            "enableStaging": false,
                            "translator": {
                                "type": "TabularTranslator",
                                "typeConversion": true,
                                "typeConversionSettings": {
                                    "allowDataTruncation": true,
                                    "treatBooleanAsNumber": false
                                }
                            }
                        },
                        "inputs": [
                            {
                                "referenceName": "EnsambleMetric_LastSourceSystemDT",
                                "type": "DatasetReference",
                                "parameters": {}
                            }
                        ],
                        "outputs": [
                            {
                                "referenceName": "INTEGRATION_EnsambleMetric_LastSourceSystemDT",
                                "type": "DatasetReference",
                                "parameters": {}
                            }
                        ]
                    },
                    {
                        "name": "EnsambleMetric_OutdatedBusinessKey",
                        "type": "Copy",
                        "dependsOn": [
                            {
                                "activity": "EnsambleMetric_LastSourceSystemDT",
                                "dependencyConditions": [
                                    "Succeeded"
                                ]
                            }
                        ],
                        "policy": {
                            "timeout": "7.00:00:00",
                            "retry": 0,
                            "retryIntervalInSeconds": 30,
                            "secureOutput": false,
                            "secureInput": false
                        },
                        "userProperties": [],
                        "typeProperties": {
                            "source": {
                                "type": "SqlServerSource",
                                "queryTimeout": "02:00:00",
                                "partitionOption": "None"
                            },
                            "sink": {
                                "type": "AzureSqlSink"
                            },
                            "enableStaging": false,
                            "translator": {
                                "type": "TabularTranslator",
                                "typeConversion": true,
                                "typeConversionSettings": {
                                    "allowDataTruncation": true,
                                    "treatBooleanAsNumber": false
                                }
                            }
                        },
                        "inputs": [
                            {
                                "referenceName": "EnsambleMetric_OutdatedBusinessKey",
                                "type": "DatasetReference",
                                "parameters": {}
                            }
                        ],
                        "outputs": [
                            {
                                "referenceName": "INTEGRATION_EnsambleMetric_OutdatedBusinessKey",
                                "type": "DatasetReference",
                                "parameters": {}
                            }
                        ]
                    },
                    {
                        "name": "EnsambleMetric_OutdatedLinks",
                        "type": "Copy",
                        "dependsOn": [
                            {
                                "activity": "EnsambleMetric_OutdatedBusinessKey",
                                "dependencyConditions": [
                                    "Succeeded"
                                ]
                            }
                        ],
                        "policy": {
                            "timeout": "7.00:00:00",
                            "retry": 0,
                            "retryIntervalInSeconds": 30,
                            "secureOutput": false,
                            "secureInput": false
                        },
                        "userProperties": [],
                        "typeProperties": {
                            "source": {
                                "type": "SqlServerSource",
                                "queryTimeout": "02:00:00",
                                "partitionOption": "None"
                            },
                            "sink": {
                                "type": "AzureSqlSink"
                            },
                            "enableStaging": false,
                            "translator": {
                                "type": "TabularTranslator",
                                "typeConversion": true,
                                "typeConversionSettings": {
                                    "allowDataTruncation": true,
                                    "treatBooleanAsNumber": false
                                }
                            }
                        },
                        "inputs": [
                            {
                                "referenceName": "EnsambleMetric_OutdatedLinks",
                                "type": "DatasetReference",
                                "parameters": {}
                            }
                        ],
                        "outputs": [
                            {
                                "referenceName": "INTEGRATION_EnsambleMetric_OutdatedLinks",
                                "type": "DatasetReference",
                                "parameters": {}
                            }
                        ]
                    },
                    {
                        "name": "EnsambleMetric_RowCount",
                        "type": "Copy",
                        "dependsOn": [
                            {
                                "activity": "EnsambleMetric_OutdatedLinks",
                                "dependencyConditions": [
                                    "Succeeded"
                                ]
                            }
                        ],
                        "policy": {
                            "timeout": "7.00:00:00",
                            "retry": 0,
                            "retryIntervalInSeconds": 30,
                            "secureOutput": false,
                            "secureInput": false
                        },
                        "userProperties": [],
                        "typeProperties": {
                            "source": {
                                "type": "SqlServerSource",
                                "queryTimeout": "02:00:00",
                                "partitionOption": "None"
                            },
                            "sink": {
                                "type": "AzureSqlSink"
                            },
                            "enableStaging": false,
                            "translator": {
                                "type": "TabularTranslator",
                                "typeConversion": true,
                                "typeConversionSettings": {
                                    "allowDataTruncation": true,
                                    "treatBooleanAsNumber": false
                                }
                            }
                        },
                        "inputs": [
                            {
                                "referenceName": "EnsambleMetric_RowCount",
                                "type": "DatasetReference",
                                "parameters": {}
                            }
                        ],
                        "outputs": [
                            {
                                "referenceName": "INETGRATION_EnsambleMetric_RowCount",
                                "type": "DatasetReference",
                                "parameters": {}
                            }
                        ]
                    },
                    {
                        "name": "EnsambleMetric_RowCount_Active",
                        "type": "Copy",
                        "dependsOn": [
                            {
                                "activity": "EnsambleMetric_RowCount",
                                "dependencyConditions": [
                                    "Succeeded"
                                ]
                            }
                        ],
                        "policy": {
                            "timeout": "7.00:00:00",
                            "retry": 0,
                            "retryIntervalInSeconds": 30,
                            "secureOutput": false,
                            "secureInput": false
                        },
                        "userProperties": [],
                        "typeProperties": {
                            "source": {
                                "type": "SqlServerSource",
                                "queryTimeout": "02:00:00",
                                "partitionOption": "None"
                            },
                            "sink": {
                                "type": "AzureSqlSink"
                            },
                            "enableStaging": false,
                            "translator": {
                                "type": "TabularTranslator",
                                "typeConversion": true,
                                "typeConversionSettings": {
                                    "allowDataTruncation": true,
                                    "treatBooleanAsNumber": false
                                }
                            }
                        },
                        "inputs": [
                            {
                                "referenceName": "EnsambleMetric_RowCount_Active",
                                "type": "DatasetReference",
                                "parameters": {}
                            }
                        ],
                        "outputs": [
                            {
                                "referenceName": "INETGRATION_EnsambleMetric_RowCount_Active",
                                "type": "DatasetReference",
                                "parameters": {}
                            }
                        ]
                    },
                    {
                        "name": "Load_Metric_Results",
                        "type": "SqlServerStoredProcedure",
                        "dependsOn": [
                            {
                                "activity": "EnsambleMetric_RowCount_Active",
                                "dependencyConditions": [
                                    "Succeeded"
                                ]
                            }
                        ],
                        "policy": {
                            "timeout": "7.00:00:00",
                            "retry": 0,
                            "retryIntervalInSeconds": 30,
                            "secureOutput": false,
                            "secureInput": false
                        },
                        "userProperties": [],
                        "typeProperties": {
                            "storedProcedureName": "[[INTEGRATION].[sp_Load_Metric_Results]"
                        },
                        "linkedServiceName": {
                            "referenceName": "tsaazbisql01",
                            "type": "LinkedServiceReference"
                        }
                    }
                ],
                "annotations": []
            },
            "dependsOn": []
        },
        {
            "name": "[concat(parameters('factoryName'), '/Report Register')]",
            "type": "Microsoft.DataFactory/factories/pipelines",
            "apiVersion": "2018-06-01",
            "properties": {
                "activities": [
                    {
                        "name": "DataManager_Local_REPREG_ReportRegister",
                        "type": "Copy",
                        "dependsOn": [],
                        "policy": {
                            "timeout": "7.00:00:00",
                            "retry": 0,
                            "retryIntervalInSeconds": 30,
                            "secureOutput": false,
                            "secureInput": false
                        },
                        "userProperties": [],
                        "typeProperties": {
                            "source": {
                                "type": "SqlSource",
                                "partitionOption": "None"
                            },
                            "sink": {
                                "type": "SqlSink",
                                "writeBatchSize": 10000,
                                "preCopyScript": "truncate table [REPREG].ReportRegister"
                            },
                            "enableStaging": false,
                            "dataIntegrationUnits": 0,
                            "translator": {
                                "type": "TabularTranslator",
                                "columnMappings": {
                                    "ReportID": "ReportID",
                                    "ReportCode": "ReportCode",
                                    "ReportName": "ReportName",
                                    "ReportDescription": "ReportDescription",
                                    "ReportTypeDescription": "ReportTypeDescription",
                                    "ReportPackTitle": "ReportPackTitle",
                                    "ReportPackDescription": "ReportPackDescription",
                                    "ErrorParagraph": "ErrorParagraph",
                                    "ReportStatusIndicator": "ReportStatusIndicator",
                                    "ReportStatusIndicator_Local": "ReportStatusIndicator_Local",
                                    "ReportStatusTypeName": "ReportStatusTypeName",
                                    "ReportDataStatusTypeIndicator": "ReportDataStatusTypeIndicator",
                                    "ReportDataStatusTypeIndicator_Local": "ReportDataStatusTypeIndicator_Local",
                                    "ReportDataStatusTypeName": "ReportDataStatusTypeName",
                                    "ReportTechnologyName": "ReportTechnologyName",
                                    "IsReportPackCapable": "IsReportPackCapable",
                                    "ReportElementName": "ReportElementName",
                                    "ReportElementDescription": "ReportElementDescription",
                                    "ReportElementStatusIndicator": "ReportElementStatusIndicator"
                                }
                            }
                        },
                        "inputs": [
                            {
                                "referenceName": "INTEGRATION_vw_egress_ReportRegister1",
                                "type": "DatasetReference",
                                "parameters": {}
                            }
                        ],
                        "outputs": [
                            {
                                "referenceName": "REPREG_ReportRegister",
                                "type": "DatasetReference",
                                "parameters": {}
                            }
                        ]
                    }
                ],
                "annotations": []
            },
            "dependsOn": []
        },
        {
            "name": "[concat(parameters('factoryName'), '/Reporting Hierarchy Access')]",
            "type": "Microsoft.DataFactory/factories/pipelines",
            "apiVersion": "2018-06-01",
            "properties": {
                "activities": [
                    {
                        "name": "DataManager_Local_ACCESS_ReportingHierarchyAccess",
                        "type": "Copy",
                        "dependsOn": [],
                        "policy": {
                            "timeout": "7.00:00:00",
                            "retry": 0,
                            "retryIntervalInSeconds": 30,
                            "secureOutput": false,
                            "secureInput": false
                        },
                        "userProperties": [],
                        "typeProperties": {
                            "source": {
                                "type": "AzureSqlSource",
                                "partitionOption": "None"
                            },
                            "sink": {
                                "type": "SqlSink",
                                "writeBatchSize": 10000,
                                "preCopyScript": "truncate table ACCESS.ReportingHierarchyUserAccess"
                            },
                            "enableStaging": false,
                            "dataIntegrationUnits": 0,
                            "translator": {
                                "type": "TabularTranslator",
                                "columnMappings": {
                                    "HashKey": "HashKey",
                                    "CompanyID": "CompanyID",
                                    "ReportingHierarchyTypeID": "ReportingHierarchyTypeID",
                                    "ReportingHierarchyTypeCode": "ReportingHierarchyTypeCode",
                                    "ReportingHierarchyTypeName": "ReportingHierarchyTypeName",
                                    "ReportingHierarchyItemID": "ReportingHierarchyItemID",
                                    "ReportingHierarchyItemCode": "ReportingHierarchyItemCode",
                                    "ReportingHierarchyItemName": "ReportingHierarchyItemName",
                                    "ParentReportingHierarchyItemID": "ParentReportingHierarchyItemID",
                                    "ParentReportingHierarchyItemCode": "ParentReportingHierarchyItemCode",
                                    "ParentReportingHierarchyItemName": "ParentReportingHierarchyItemName",
                                    "BusinessKey": "BusinessKey",
                                    "DataCatalogFieldID": "DataCatalogFieldID",
                                    "FieldName": "FieldName",
                                    "IsDefaultHierarchyItem": "IsDefaultHierarchyItem",
                                    "DomainAccountName": "DomainAccount",
                                    "L1": "L1",
                                    "L2": "L2",
                                    "L3": "L3",
                                    "L4": "L4",
                                    "L5": "L5",
                                    "L6": "L6",
                                    "L7": "L7",
                                    "L8": "L8",
                                    "L9": "L9",
                                    "L10": "L10",
                                    "L1SortOrder": "L1SortOrder",
                                    "L2SortOrder": "L2SortOrder",
                                    "L3SortOrder": "L3SortOrder",
                                    "L4SortOrder": "L4SortOrder",
                                    "L5SortOrder": "L5SortOrder",
                                    "L6SortOrder": "L6SortOrder",
                                    "L7SortOrder": "L7SortOrder",
                                    "L8SortOrder": "L8SortOrder",
                                    "L9SortOrder": "L9SortOrder",
                                    "L10SortOrder": "L10SortOrder",
                                    "IsFullAccessUser": "IsFullAccessUser"
                                }
                            }
                        },
                        "inputs": [
                            {
                                "referenceName": "DataManager_ACCESS_vw_ReportingHierarchyAccess",
                                "type": "DatasetReference",
                                "parameters": {}
                            }
                        ],
                        "outputs": [
                            {
                                "referenceName": "ACCES_ReportingHierarchyAccess",
                                "type": "DatasetReference",
                                "parameters": {}
                            }
                        ]
                    }
                ],
                "annotations": []
            },
            "dependsOn": []
        },
        {
            "name": "[concat(parameters('factoryName'), '/SortOrders')]",
            "type": "Microsoft.DataFactory/factories/pipelines",
            "apiVersion": "2018-06-01",
            "properties": {
                "activities": [
                    {
                        "name": "DataManager_Local_MASTER_SortOrders",
                        "type": "Copy",
                        "dependsOn": [],
                        "policy": {
                            "timeout": "7.00:00:00",
                            "retry": 0,
                            "retryIntervalInSeconds": 30,
                            "secureOutput": false,
                            "secureInput": false
                        },
                        "userProperties": [],
                        "typeProperties": {
                            "source": {
                                "type": "SqlSource",
                                "partitionOption": "None"
                            },
                            "sink": {
                                "type": "SqlSink",
                                "writeBatchSize": 10000,
                                "preCopyScript": "truncate table [MASTER].SortOrders"
                            },
                            "enableStaging": false,
                            "dataIntegrationUnits": 0,
                            "translator": {
                                "type": "TabularTranslator",
                                "columnMappings": {
                                    "SortOrderGroupName": "SortOrderGroupName",
                                    "SortOrderGroupCode": "SortOrderGroupCode",
                                    "FieldID": "FieldID",
                                    "FieldName": "FieldName",
                                    "DataEntityName": "DataEntityName",
                                    "SchemaName": "SchemaName",
                                    "DatabaseName": "DatabaseName",
                                    "SortOrder": "SortOrder",
                                    "DataValue": "DataValue"
                                }
                            }
                        },
                        "inputs": [
                            {
                                "referenceName": "DataManager_Local_MASTER_SortOrders",
                                "type": "DatasetReference",
                                "parameters": {}
                            }
                        ],
                        "outputs": [
                            {
                                "referenceName": "MASTER_SortOrders",
                                "type": "DatasetReference",
                                "parameters": {}
                            }
                        ]
                    }
                ],
                "annotations": []
            },
            "dependsOn": []
        },
        {
            "name": "[concat(parameters('factoryName'), '/Tharisa_DEV')]",
            "type": "Microsoft.DataFactory/factories/pipelines",
            "apiVersion": "2018-06-01",
            "properties": {
                "activities": [
                    {
                        "name": "Copy data1",
                        "type": "Copy",
                        "dependsOn": [],
                        "policy": {
                            "timeout": "7.00:00:00",
                            "retry": 0,
                            "retryIntervalInSeconds": 30,
                            "secureOutput": false,
                            "secureInput": false
                        },
                        "userProperties": [],
                        "typeProperties": {
                            "source": {
                                "type": "AzureSqlSource",
                                "sqlReaderQuery": " SELECT   1 AS DCDatabaseInstanceID \n        , 7 AS DatabaseID\n        , 'DataManager_DEV' AS DatabaseName\n        , t.[schema_id] AS SchemaID\n        , SCHEMA_NAME(t.[schema_id]) AS SchemaName\n        , t.[object_id] AS DataEntityID\n        , t.[name] AS DataEntityName\n        , c.column_id AS ColumnID\n        , c.[name] AS ColumnName\n        , typ.[name] AS DataType\n        , c.max_length AS [MaxLength]\n        , c.[precision] AS [Precision]\n        , c.scale AS [Scale]\n        , CASE WHEN i_pk.object_id IS NOT NULL THEN 1 ELSE 0 END AS IsPrimaryKey\n        , CASE WHEN fkcol.object_id IS NOT NULL THEN 1 ELSE 0 END AS IsForeignKey\n        , NULL AS DefaultValue \n        , NULL AS IsSystemGenerated\n        , SUM(p.rows) AS [RowCount]\n        , (SUM(au.used_pages)*8)/1024 DataEntitySize\n        ,   (SELECT (CONVERT([decimal](18,3),size) * 8/1024) \n                FROM sys.database_files df \n                WHERE df.[type_desc] = 'ROWS'\n                ) + \n                (SELECT (CONVERT([decimal](18,3),size) * 8/1024) \n                FROM sys.database_files df1 \n                WHERE df1.[type_desc] = 'LOG'\n                ) AS DatabaseSize\n        ,1 AS IsActive\n        ,c.column_id AS FieldSortOrder\n\t\t,'SrcT' AS DataEntityTypeCode\n\nFROM    sys.tables t\n        INNER JOIN sys.columns c\n            ON c.object_id = t.object_id\n        INNER JOIN sys.schemas s \n            ON t.schema_id = s.schema_id\n        INNER JOIN sys.types typ\n            ON typ.user_type_id = c.user_type_id\n        INNER JOIN sys.indexes i \n            ON i.object_id = t.object_id\n        LEFT JOIN (SELECT subi.object_id, subi.index_id, subic.column_id\n                     FROM sys.indexes subi\n                        LEFT JOIN sys.index_columns subic\n                            ON subic.object_id = subi.object_id AND\n                               subic.index_id = subi.index_id\n                    WHERE subi.is_primary_key = 1) i_pk\n            ON i_pk.object_id = t.object_id AND\n               i_pk.column_id = c.column_id\n        LEFT JOIN (select distinct fk.parent_object_id AS object_id,\n                        fk.parent_column_id AS column_id\n                   from sys.foreign_key_columns  fk\n                    ) AS fkcol\n            ON fkcol.object_id = t.object_id AND\n               fkcol.column_id = c.column_id\n        INNER JOIN sys.partitions p \n            ON p.object_id = t.object_id \n                AND p.index_id = i.index_id\n        INNER JOIN sys.allocation_units au \n            ON au.container_id = p.partition_id\n\nWHERE t.is_ms_shipped = 0\n    AND t.[name] NOT LIKE 'dt%'\n\tAND t.[name] NOT LIKE 'ingress_DataCatalog'\n        AND ISNULL(i.object_id, 256) > 255\n                           \nGROUP BY t.[name] \n, s.[name] \n, t.[schema_id] \n, t.[object_id]\n, i_pk.object_id\n, fkcol.object_id\n, c.column_id\n, c.[name] \n, typ.[name] \n, c.max_length \n, c.[precision] \n, c.scale\n\nUNION ALL\n\n SELECT   1 AS DCDatabaseInstanceID \n        , 7 AS DatabaseID\n        , 'DataManager_DEV' AS DatabaseName\n        , v.[schema_id] AS SchemaID\n        , SCHEMA_NAME(v.[schema_id]) AS SchemaName\n        , v.[object_id] AS TableID\n        , v.[name] AS TableName\n        , c.column_id AS ColumnID\n        , c.[name] AS ColumnName\n        , typ.[name] AS DataTypename\n        , c.max_length AS [MaxLength]\n        , c.[precision] AS [Precision]\n        , c.scale AS [Scale]\n        , CASE WHEN i_pk.object_id IS NOT NULL THEN 1 ELSE 0 END AS IsPrimaryKey\n        , CASE WHEN fkcol.object_id IS NOT NULL THEN 1 ELSE 0 END AS IsForeignKey\n        , NULL AS DefaultValue \n        , NULL AS IsSystemGenerated\n        , NULL AS RowCounts\n        , NULL AS usedMB\n        ,   (SELECT (CONVERT([decimal](18,3),size) * 8/1024) \n                FROM sys.database_files df \n                WHERE df.[type_desc] = 'ROWS'\n                ) + \n                (SELECT (CONVERT([decimal](18,3),size) * 8/1024) \n                FROM sys.database_files df1 \n                WHERE df1.[type_desc] = 'LOG'\n                ) AS Database_Size_MB\n        ,1 AS IsActive\n        ,c.column_id AS SortOrder\n\t\t,'SrcV' AS DataEntityTypeCode\nFROM    sys.views v\n        INNER JOIN sys.columns c\n            ON c.object_id = v.object_id\n        INNER JOIN sys.schemas s \n            ON v.schema_id = s.schema_id\n        INNER JOIN sys.types typ\n            ON typ.user_type_id = c.user_type_id\n        LEFT JOIN (SELECT subi.object_id, subi.index_id, subic.column_id\n                     FROM sys.indexes subi\n                        LEFT JOIN sys.index_columns subic\n                            ON subic.object_id = subi.object_id AND\n                               subic.index_id = subi.index_id\n                    WHERE subi.is_primary_key = 1) i_pk\n            ON i_pk.object_id = v.object_id AND\n               i_pk.column_id = c.column_id\n        LEFT JOIN (select distinct fk.parent_object_id AS object_id,\n                        fk.parent_column_id AS column_id\n                   from sys.foreign_key_columns  fk\n                    ) AS fkcol\n            ON fkcol.object_id = v.object_id AND\n               fkcol.column_id = c.column_id\n\nWHERE v.is_ms_shipped = 0\n    AND v.[name] NOT LIKE 'dt%'\n\tAND v.[name] NOT LIKE 'ingress_DataCatalog'\n                           \nGROUP BY v.[name] \n, s.[name] \n, v.[schema_id] \n, v.[object_id]\n, i_pk.object_id\n, fkcol.object_id\n, c.column_id\n, c.[name] \n, typ.[name] \n, c.max_length \n, c.[precision] \n, c.scale\n\n\n",
                                "partitionOption": "None"
                            },
                            "sink": {
                                "type": "AzureSqlSink"
                            },
                            "enableStaging": false,
                            "translator": {
                                "type": "TabularTranslator",
                                "mappings": [
                                    {
                                        "source": {
                                            "name": "DCDatabaseInstanceID",
                                            "type": "Int32"
                                        },
                                        "sink": {
                                            "name": "DCDatabaseInstanceID",
                                            "type": "Int32"
                                        }
                                    },
                                    {
                                        "source": {
                                            "name": "DatabaseID",
                                            "type": "Int32"
                                        },
                                        "sink": {
                                            "name": "DatabaseID",
                                            "type": "Int32"
                                        }
                                    },
                                    {
                                        "source": {
                                            "name": "DatabaseName",
                                            "type": "String"
                                        },
                                        "sink": {
                                            "name": "DatabaseName",
                                            "type": "String"
                                        }
                                    },
                                    {
                                        "source": {
                                            "name": "SchemaID",
                                            "type": "Int32"
                                        },
                                        "sink": {
                                            "name": "SchemaID",
                                            "type": "Int32"
                                        }
                                    },
                                    {
                                        "source": {
                                            "name": "SchemaName",
                                            "type": "String"
                                        },
                                        "sink": {
                                            "name": "SchemaName",
                                            "type": "String"
                                        }
                                    },
                                    {
                                        "source": {
                                            "name": "DataEntityID",
                                            "type": "Int32"
                                        },
                                        "sink": {
                                            "name": "DataEntityID",
                                            "type": "Int32"
                                        }
                                    },
                                    {
                                        "source": {
                                            "name": "DataEntityName",
                                            "type": "String"
                                        },
                                        "sink": {
                                            "name": "DataEntityName",
                                            "type": "String"
                                        }
                                    },
                                    {
                                        "source": {
                                            "name": "ColumnID",
                                            "type": "Int32"
                                        },
                                        "sink": {
                                            "name": "ColumnID",
                                            "type": "Int32"
                                        }
                                    },
                                    {
                                        "source": {
                                            "name": "ColumnName",
                                            "type": "String"
                                        },
                                        "sink": {
                                            "name": "ColumnName",
                                            "type": "String"
                                        }
                                    },
                                    {
                                        "source": {
                                            "name": "DataType",
                                            "type": "String"
                                        },
                                        "sink": {
                                            "name": "DataType",
                                            "type": "String"
                                        }
                                    },
                                    {
                                        "source": {
                                            "name": "MaxLength",
                                            "type": "Int16"
                                        },
                                        "sink": {
                                            "name": "MaxLength",
                                            "type": "Int16"
                                        }
                                    },
                                    {
                                        "source": {
                                            "name": "Precision",
                                            "type": "Byte"
                                        },
                                        "sink": {
                                            "name": "Precision",
                                            "type": "Byte"
                                        }
                                    },
                                    {
                                        "source": {
                                            "name": "Scale",
                                            "type": "Byte"
                                        },
                                        "sink": {
                                            "name": "Scale",
                                            "type": "Byte"
                                        }
                                    },
                                    {
                                        "source": {
                                            "name": "IsPrimaryKey",
                                            "type": "Int32"
                                        },
                                        "sink": {
                                            "name": "IsPrimaryKey",
                                            "type": "Int32"
                                        }
                                    },
                                    {
                                        "source": {
                                            "name": "IsForeignKey",
                                            "type": "Int32"
                                        },
                                        "sink": {
                                            "name": "IsForeignKey",
                                            "type": "Int32"
                                        }
                                    },
                                    {
                                        "source": {
                                            "name": "DefaultValue",
                                            "type": "Int32"
                                        },
                                        "sink": {
                                            "name": "DefaultValue",
                                            "type": "String"
                                        }
                                    },
                                    {
                                        "source": {
                                            "name": "IsSystemGenerated",
                                            "type": "Int32"
                                        },
                                        "sink": {
                                            "name": "IsSystemGenerated",
                                            "type": "Int32"
                                        }
                                    },
                                    {
                                        "source": {
                                            "name": "RowCount",
                                            "type": "Int64"
                                        },
                                        "sink": {
                                            "name": "RowCount",
                                            "type": "Int32"
                                        }
                                    },
                                    {
                                        "source": {
                                            "name": "DataEntitySize",
                                            "type": "Int64"
                                        },
                                        "sink": {
                                            "name": "DataEntitySize",
                                            "type": "Decimal"
                                        }
                                    },
                                    {
                                        "source": {
                                            "name": "DatabaseSize",
                                            "type": "Decimal"
                                        },
                                        "sink": {
                                            "name": "DatabaseSize",
                                            "type": "Decimal"
                                        }
                                    },
                                    {
                                        "source": {
                                            "name": "IsActive",
                                            "type": "Int32"
                                        },
                                        "sink": {
                                            "name": "IsActive",
                                            "type": "Boolean"
                                        }
                                    },
                                    {
                                        "source": {
                                            "name": "FieldSortOrder",
                                            "type": "Int32"
                                        },
                                        "sink": {
                                            "name": "FieldSortOrder",
                                            "type": "Int32"
                                        }
                                    },
                                    {
                                        "source": {
                                            "name": "DataEntityTypeCode",
                                            "type": "String"
                                        },
                                        "sink": {
                                            "name": "DataEntityTypeCode",
                                            "type": "String"
                                        }
                                    }
                                ]
                            }
                        },
                        "inputs": [
                            {
                                "referenceName": "AZ_DM_Crawler",
                                "type": "DatasetReference",
                                "parameters": {}
                            }
                        ],
                        "outputs": [
                            {
                                "referenceName": "AZ_DM_Compare_INTEGRATION_ingress_DataCatalog",
                                "type": "DatasetReference",
                                "parameters": {}
                            }
                        ]
                    },
                    {
                        "name": "Stored Procedure1",
                        "type": "SqlServerStoredProcedure",
                        "dependsOn": [
                            {
                                "activity": "Copy data1",
                                "dependencyConditions": [
                                    "Succeeded"
                                ]
                            }
                        ],
                        "policy": {
                            "timeout": "7.00:00:00",
                            "retry": 0,
                            "retryIntervalInSeconds": 30,
                            "secureOutput": false,
                            "secureInput": false
                        },
                        "userProperties": [],
                        "typeProperties": {
                            "storedProcedureName": "[[INTEGRATION].[sp_load_DataCatalog]"
                        },
                        "linkedServiceName": {
                            "referenceName": "tsaazbisql01",
                            "type": "LinkedServiceReference"
                        }
                    }
                ],
                "folder": {
                    "name": "Schema Compare Crawler"
                },
                "annotations": []
            },
            "dependsOn": []
        },
        {
            "name": "[concat(parameters('factoryName'), '/Time Dimension')]",
            "type": "Microsoft.DataFactory/factories/pipelines",
            "apiVersion": "2018-06-01",
            "properties": {
                "activities": [
                    {
                        "name": "DataManager_Local_MASTER_TimeDimension",
                        "type": "Copy",
                        "dependsOn": [
                            {
                                "activity": "Update Time Dimension",
                                "dependencyConditions": [
                                    "Succeeded"
                                ]
                            }
                        ],
                        "policy": {
                            "timeout": "7.00:00:00",
                            "retry": 0,
                            "retryIntervalInSeconds": 30,
                            "secureOutput": false,
                            "secureInput": false
                        },
                        "userProperties": [],
                        "typeProperties": {
                            "source": {
                                "type": "SqlSource",
                                "partitionOption": "None"
                            },
                            "sink": {
                                "type": "SqlSink",
                                "writeBatchSize": 10000,
                                "preCopyScript": "truncate table [MASTER].DateDimension"
                            },
                            "enableStaging": false,
                            "dataIntegrationUnits": 0,
                            "translator": {
                                "type": "TabularTranslator",
                                "columnMappings": {
                                    "CalendarDate": "CalendarDate",
                                    "IsWeekend": "IsWeekend",
                                    "Year": "Year",
                                    "QuarterNo": "QuarterNo",
                                    "MonthNumber": "MonthNumber",
                                    "DayofYear": "DayofYear",
                                    "Day": "Day",
                                    "Week": "Week",
                                    "DayofWeekNo": "DayofWeekNo",
                                    "DayofWeek": "DayofWeek",
                                    "DayofWeekAbbreviation": "DayofWeekAbbreviation",
                                    "Month": "Month",
                                    "MonthAbbreviation": "MonthAbbreviation",
                                    "FinancialYear": "FinancialYear",
                                    "FinancialPeriodNo": "FinancialPeriodNo",
                                    "YearFinancialPeriod": "YearFinancialPeriod",
                                    "FinancialPeriod": "FinancialPeriod",
                                    "FinancialQuarterNo": "FinancialQuarterNo",
                                    "FinancialYearQuarter": "FinancialYearQuarter",
                                    "FinancialQuarter": "FinancialQuarter",
                                    "MonthBeginDate": "MonthBeginDate",
                                    "MonthEndDate": "MonthEndDate",
                                    "WeekBeginDate": "WeekBeginDate",
                                    "WeekEndDate": "WeekEndDate",
                                    "IsToday": "IsToday",
                                    "IsCurrentWeek": "IsCurrentWeek",
                                    "IsCurrentMonth": "IsCurrentMonth",
                                    "IsPublicHoliday": "IsPublicHoliday",
                                    "IsSchoolHoliday": "IsSchoolHoliday",
                                    "IsInLast7Days": "IsInLast7Days",
                                    "IsInLast30Days": "IsInLast30Days",
                                    "IsInLast7DaysIncludingToday": "IsInLast7DaysIncludingToday",
                                    "IsInLast30DaysIncludingToday": "IsInLast30DaysIncludingToday"
                                }
                            }
                        },
                        "inputs": [
                            {
                                "referenceName": "DataManager_Local_MASTER_TimeDimension",
                                "type": "DatasetReference",
                                "parameters": {}
                            }
                        ],
                        "outputs": [
                            {
                                "referenceName": "MASTER_TimeDimension",
                                "type": "DatasetReference",
                                "parameters": {}
                            }
                        ]
                    },
                    {
                        "name": "Update Time Dimension",
                        "type": "SqlServerStoredProcedure",
                        "dependsOn": [],
                        "policy": {
                            "timeout": "7.00:00:00",
                            "retry": 0,
                            "retryIntervalInSeconds": 30,
                            "secureOutput": false,
                            "secureInput": false
                        },
                        "userProperties": [],
                        "typeProperties": {
                            "storedProcedureName": "[[MASTER].[sp_load_TimeDimension]"
                        },
                        "linkedServiceName": {
                            "referenceName": "tsaazbisql01",
                            "type": "LinkedServiceReference"
                        }
                    }
                ],
                "annotations": []
            },
            "dependsOn": []
        },
        {
            "name": "[concat(parameters('factoryName'), '/Daily Refresh - 12am')]",
            "type": "Microsoft.DataFactory/factories/triggers",
            "apiVersion": "2018-06-01",
            "properties": {
                "annotations": [],
                "runtimeState": "Started",
                "pipelines": [
                    {
                        "pipelineReference": {
                            "referenceName": "Company",
                            "type": "PipelineReference"
                        },
                        "parameters": {}
                    },
                    {
                        "pipelineReference": {
                            "referenceName": "Dynamic Reporting",
                            "type": "PipelineReference"
                        },
                        "parameters": {}
                    },
                    {
                        "pipelineReference": {
                            "referenceName": "Report Register",
                            "type": "PipelineReference"
                        },
                        "parameters": {}
                    },
                    {
                        "pipelineReference": {
                            "referenceName": "SortOrders",
                            "type": "PipelineReference"
                        },
                        "parameters": {}
                    },
                    {
                        "pipelineReference": {
                            "referenceName": "Reporting Hierarchy Access",
                            "type": "PipelineReference"
                        },
                        "parameters": {}
                    }
                ],
                "type": "ScheduleTrigger",
                "typeProperties": {
                    "recurrence": {
                        "frequency": "Day",
                        "interval": 1,
                        "startTime": "2018-11-21T20:03:00Z",
                        "timeZone": "UTC",
                        "schedule": {
                            "minutes": [
                                0
                            ],
                            "hours": [
                                0
                            ]
                        }
                    }
                }
            },
            "dependsOn": [
                "[concat(variables('factoryId'), '/pipelines/Report Register')]",
                "[concat(variables('factoryId'), '/pipelines/SortOrders')]",
                "[concat(variables('factoryId'), '/pipelines/Reporting Hierarchy Access')]"
            ]
        },
        {
            "name": "[concat(parameters('factoryName'), '/Daily at 10 AM')]",
            "type": "Microsoft.DataFactory/factories/triggers",
            "apiVersion": "2018-06-01",
            "properties": {
                "annotations": [],
                "runtimeState": "Started",
                "pipelines": [
                    {
                        "pipelineReference": {
                            "referenceName": "Full Data Crawler",
                            "type": "PipelineReference"
                        },
                        "parameters": {}
                    }
                ],
                "type": "ScheduleTrigger",
                "typeProperties": {
                    "recurrence": {
                        "frequency": "Day",
                        "interval": 1,
                        "startTime": "2020-01-10T12:55:00.000Z",
                        "timeZone": "UTC",
                        "schedule": {
                            "minutes": [
                                0
                            ],
                            "hours": [
                                8
                            ]
                        }
                    }
                }
            },
            "dependsOn": []
        },
        {
            "name": "[concat(parameters('factoryName'), '/Every 2 MIN')]",
            "type": "Microsoft.DataFactory/factories/triggers",
            "apiVersion": "2018-06-01",
            "properties": {
                "description": "Some runs are more than a minute",
                "annotations": [],
                "runtimeState": "Started",
                "pipelines": [
                    {
                        "pipelineReference": {
                            "referenceName": "ExecutionLog Incremental",
                            "type": "PipelineReference"
                        },
                        "parameters": {}
                    }
                ],
                "type": "ScheduleTrigger",
                "typeProperties": {
                    "recurrence": {
                        "frequency": "Minute",
                        "interval": 2,
                        "startTime": "2019-07-10T11:43:00.000Z",
                        "timeZone": "UTC"
                    }
                }
            },
            "dependsOn": []
        }
    ]
}