{
    "$schema": "http://schema.management.azure.com/schemas/2015-01-01/deploymentTemplate.json#",
    "contentVersion": "1.0.0.0",
    "parameters": {
        "factoryName": {
            "type": "string",
            "metadata": "Data Factory name",
            "defaultValue": "TSAADFPROD01"
        }
    },
    "variables": {
        "factoryId": "[concat('Microsoft.DataFactory/factories/', parameters('factoryName'))]"
    },
    "resources": [
        {
            "name": "[concat(parameters('factoryName'), '/ETL_LoadConfig')]",
            "type": "Microsoft.DataFactory/factories/datasets",
            "apiVersion": "2018-06-01",
            "properties": {
                "linkedServiceName": {
                    "referenceName": "TSABISQL02_STAGSSIS_DataManager_Local",
                    "type": "LinkedServiceReference"
                },
                "annotations": [],
                "type": "SqlServerTable",
                "structure": [
                    {
                        "name": "LoadConfigID",
                        "type": "Int32"
                    },
                    {
                        "name": "SourceServerName",
                        "type": "String"
                    },
                    {
                        "name": "SourceDatabaseInstanceName",
                        "type": "String"
                    },
                    {
                        "name": "SourceDatabaseName",
                        "type": "String"
                    },
                    {
                        "name": "SourceSchemaName",
                        "type": "String"
                    },
                    {
                        "name": "SourceDataEntityName",
                        "type": "String"
                    },
                    {
                        "name": "TargetServerName",
                        "type": "String"
                    },
                    {
                        "name": "TargetDatabaseInstanceName",
                        "type": "String"
                    },
                    {
                        "name": "TargetDatabaseName",
                        "type": "String"
                    },
                    {
                        "name": "TargetSchemaName",
                        "type": "String"
                    },
                    {
                        "name": "TargetDataEntityName",
                        "type": "String"
                    },
                    {
                        "name": "FieldList",
                        "type": "String"
                    },
                    {
                        "name": "IndexFieldList",
                        "type": "String"
                    },
                    {
                        "name": "IsClustered",
                        "type": "Boolean"
                    },
                    {
                        "name": "LoadType",
                        "type": "String"
                    },
                    {
                        "name": "IsSetForReloadOnNextRun",
                        "type": "Boolean"
                    },
                    {
                        "name": "OffsetDays",
                        "type": "Int32"
                    },
                    {
                        "name": "NewDataFilterType",
                        "type": "String"
                    },
                    {
                        "name": "PrimaryKeyField",
                        "type": "String"
                    },
                    {
                        "name": "TransactionNoField",
                        "type": "String"
                    },
                    {
                        "name": "CreatedDTField",
                        "type": "String"
                    },
                    {
                        "name": "CreatedDTFieldDataType",
                        "type": "String"
                    },
                    {
                        "name": "UpdatedDTField",
                        "type": "String"
                    },
                    {
                        "name": "UpdatedDTFieldDataType",
                        "type": "String"
                    },
                    {
                        "name": "IsActive",
                        "type": "Boolean"
                    }
                ],
                "typeProperties": {
                    "tableName": "[[ETL].[LoadConfig]"
                }
            },
            "dependsOn": []
        },
        {
            "name": "[concat(parameters('factoryName'), '/EnsambleMetric_LastLoadDT')]",
            "type": "Microsoft.DataFactory/factories/datasets",
            "apiVersion": "2018-06-01",
            "properties": {
                "linkedServiceName": {
                    "referenceName": "TSABISQL02_STAGSSIS_MetricsVault",
                    "type": "LinkedServiceReference"
                },
                "annotations": [],
                "type": "SqlServerTable",
                "schema": [
                    {
                        "name": "MetricID",
                        "type": "bigint",
                        "precision": 19
                    },
                    {
                        "name": "ElementID",
                        "type": "smallint",
                        "precision": 5
                    },
                    {
                        "name": "MetricTypeID",
                        "type": "smallint",
                        "precision": 5
                    },
                    {
                        "name": "ConfigID",
                        "type": "smallint",
                        "precision": 5
                    },
                    {
                        "name": "DateValue",
                        "type": "datetime2",
                        "scale": 7
                    },
                    {
                        "name": "LastLoadDT",
                        "type": "datetime2",
                        "scale": 7
                    },
                    {
                        "name": "CreatedDT",
                        "type": "datetime2",
                        "scale": 7
                    }
                ],
                "typeProperties": {
                    "schema": "dbo",
                    "table": "EnsambleMetric_LastLoadDT"
                }
            },
            "dependsOn": []
        },
        {
            "name": "[concat(parameters('factoryName'), '/EnsambleMetric_LastSourceSystemDT')]",
            "type": "Microsoft.DataFactory/factories/datasets",
            "apiVersion": "2018-06-01",
            "properties": {
                "linkedServiceName": {
                    "referenceName": "TSABISQL02_STAGSSIS_MetricsVault",
                    "type": "LinkedServiceReference"
                },
                "annotations": [],
                "type": "SqlServerTable",
                "schema": [
                    {
                        "name": "MetricID",
                        "type": "bigint",
                        "precision": 19
                    },
                    {
                        "name": "ElementID",
                        "type": "smallint",
                        "precision": 5
                    },
                    {
                        "name": "MetricTypeID",
                        "type": "smallint",
                        "precision": 5
                    },
                    {
                        "name": "ConfigID",
                        "type": "smallint",
                        "precision": 5
                    },
                    {
                        "name": "DateValue",
                        "type": "datetime2",
                        "scale": 7
                    },
                    {
                        "name": "LastSourceSystemDT",
                        "type": "datetime2",
                        "scale": 7
                    },
                    {
                        "name": "CreatedDT",
                        "type": "datetime2",
                        "scale": 7
                    }
                ],
                "typeProperties": {
                    "schema": "dbo",
                    "table": "EnsambleMetric_LastSourceSystemDT"
                }
            },
            "dependsOn": []
        },
        {
            "name": "[concat(parameters('factoryName'), '/EnsambleMetric_OutdatedBusinessKey')]",
            "type": "Microsoft.DataFactory/factories/datasets",
            "apiVersion": "2018-06-01",
            "properties": {
                "linkedServiceName": {
                    "referenceName": "TSABISQL02_STAGSSIS_MetricsVault",
                    "type": "LinkedServiceReference"
                },
                "annotations": [],
                "type": "SqlServerTable",
                "schema": [
                    {
                        "name": "MetricID",
                        "type": "bigint",
                        "precision": 19
                    },
                    {
                        "name": "ElementID",
                        "type": "smallint",
                        "precision": 5
                    },
                    {
                        "name": "MetricTypeID",
                        "type": "smallint",
                        "precision": 5
                    },
                    {
                        "name": "ConfigID",
                        "type": "smallint",
                        "precision": 5
                    },
                    {
                        "name": "DateValue",
                        "type": "datetime2",
                        "scale": 7
                    },
                    {
                        "name": "OutdatedBKCount",
                        "type": "int",
                        "precision": 10
                    },
                    {
                        "name": "CreatedDT",
                        "type": "datetime2",
                        "scale": 7
                    }
                ],
                "typeProperties": {
                    "schema": "dbo",
                    "table": "EnsambleMetric_OutdatedBusinessKey"
                }
            },
            "dependsOn": []
        },
        {
            "name": "[concat(parameters('factoryName'), '/EnsambleMetric_OutdatedLinks')]",
            "type": "Microsoft.DataFactory/factories/datasets",
            "apiVersion": "2018-06-01",
            "properties": {
                "linkedServiceName": {
                    "referenceName": "TSABISQL02_STAGSSIS_MetricsVault",
                    "type": "LinkedServiceReference"
                },
                "annotations": [],
                "type": "SqlServerTable",
                "schema": [
                    {
                        "name": "MetricID",
                        "type": "bigint",
                        "precision": 19
                    },
                    {
                        "name": "ElementID",
                        "type": "smallint",
                        "precision": 5
                    },
                    {
                        "name": "MetricTypeID",
                        "type": "smallint",
                        "precision": 5
                    },
                    {
                        "name": "ConfigID",
                        "type": "smallint",
                        "precision": 5
                    },
                    {
                        "name": "DateValue",
                        "type": "datetime2",
                        "scale": 7
                    },
                    {
                        "name": "OutdatedLinkCount",
                        "type": "int",
                        "precision": 10
                    },
                    {
                        "name": "CreatedDT",
                        "type": "datetime2",
                        "scale": 7
                    }
                ],
                "typeProperties": {
                    "schema": "dbo",
                    "table": "EnsambleMetric_OutdatedLinks"
                }
            },
            "dependsOn": []
        },
        {
            "name": "[concat(parameters('factoryName'), '/EnsambleMetric_RowCount')]",
            "type": "Microsoft.DataFactory/factories/datasets",
            "apiVersion": "2018-06-01",
            "properties": {
                "linkedServiceName": {
                    "referenceName": "TSABISQL02_STAGSSIS_MetricsVault",
                    "type": "LinkedServiceReference"
                },
                "annotations": [],
                "type": "SqlServerTable",
                "schema": [
                    {
                        "name": "MetricID",
                        "type": "bigint",
                        "precision": 19
                    },
                    {
                        "name": "ElementID",
                        "type": "smallint",
                        "precision": 5
                    },
                    {
                        "name": "MetricTypeID",
                        "type": "smallint",
                        "precision": 5
                    },
                    {
                        "name": "ConfigID",
                        "type": "smallint",
                        "precision": 5
                    },
                    {
                        "name": "DateValue",
                        "type": "datetime2",
                        "scale": 7
                    },
                    {
                        "name": "Row_Count",
                        "type": "int",
                        "precision": 10
                    },
                    {
                        "name": "CreatedDT",
                        "type": "datetime2",
                        "scale": 7
                    }
                ],
                "typeProperties": {
                    "schema": "dbo",
                    "table": "EnsambleMetric_RowCount"
                }
            },
            "dependsOn": []
        },
        {
            "name": "[concat(parameters('factoryName'), '/EnsambleMetric_RowCount_Active')]",
            "type": "Microsoft.DataFactory/factories/datasets",
            "apiVersion": "2018-06-01",
            "properties": {
                "linkedServiceName": {
                    "referenceName": "TSABISQL02_STAGSSIS_MetricsVault",
                    "type": "LinkedServiceReference"
                },
                "annotations": [],
                "type": "SqlServerTable",
                "schema": [
                    {
                        "name": "MetricID",
                        "type": "bigint",
                        "precision": 19
                    },
                    {
                        "name": "ElementID",
                        "type": "smallint",
                        "precision": 5
                    },
                    {
                        "name": "MetricTypeID",
                        "type": "smallint",
                        "precision": 5
                    },
                    {
                        "name": "ConfigID",
                        "type": "smallint",
                        "precision": 5
                    },
                    {
                        "name": "DateValue",
                        "type": "datetime2",
                        "scale": 7
                    },
                    {
                        "name": "Row_Count",
                        "type": "int",
                        "precision": 10
                    },
                    {
                        "name": "CreatedDT",
                        "type": "datetime2",
                        "scale": 7
                    }
                ],
                "typeProperties": {
                    "schema": "dbo",
                    "table": "EnsambleMetric_RowCount_Active"
                }
            },
            "dependsOn": []
        },
        {
            "name": "[concat(parameters('factoryName'), '/INEGRATION_ingress_LoadControl')]",
            "type": "Microsoft.DataFactory/factories/datasets",
            "apiVersion": "2018-06-01",
            "properties": {
                "description": "1",
                "linkedServiceName": {
                    "referenceName": "tsaazbisql01",
                    "type": "LinkedServiceReference"
                },
                "annotations": [],
                "type": "AzureSqlTable",
                "schema": [
                    {
                        "name": "LoadControlID",
                        "type": "int",
                        "precision": 10
                    },
                    {
                        "name": "LoadConfigID",
                        "type": "int",
                        "precision": 10
                    },
                    {
                        "name": "CreatedDT",
                        "type": "datetime2",
                        "scale": 7
                    },
                    {
                        "name": "QueuedForProcessingDT",
                        "type": "datetime2",
                        "scale": 7
                    },
                    {
                        "name": "ProcessingStartDT",
                        "type": "datetime2",
                        "scale": 7
                    },
                    {
                        "name": "ProcessingFinishedDT",
                        "type": "datetime2",
                        "scale": 7
                    },
                    {
                        "name": "LastProcessingPrimaryKey",
                        "type": "varchar"
                    },
                    {
                        "name": "LastProcessingTransactionNo",
                        "type": "varchar"
                    },
                    {
                        "name": "NewRecordDDL",
                        "type": "varchar"
                    },
                    {
                        "name": "UpdatedRecordDDL",
                        "type": "varchar"
                    },
                    {
                        "name": "CreateTempTableDDL",
                        "type": "varchar"
                    },
                    {
                        "name": "TempTableName",
                        "type": "varchar"
                    },
                    {
                        "name": "UpdateStatementDDL",
                        "type": "varchar"
                    },
                    {
                        "name": "GetLastProcessingKeyValueDDL",
                        "type": "varchar"
                    },
                    {
                        "name": "DeleteStatementDDL",
                        "type": "varchar"
                    },
                    {
                        "name": "IsLastRunFailed",
                        "type": "bit"
                    },
                    {
                        "name": "ProcessingState",
                        "type": "varchar"
                    },
                    {
                        "name": "NextScheduledRunTime",
                        "type": "datetime2",
                        "scale": 7
                    }
                ],
                "typeProperties": {
                    "tableName": "[[INTEGRATION].[ingress_LoadControl]"
                }
            },
            "dependsOn": []
        },
        {
            "name": "[concat(parameters('factoryName'), '/INETGRATION_EnsambleMetric_RowCount')]",
            "type": "Microsoft.DataFactory/factories/datasets",
            "apiVersion": "2018-06-01",
            "properties": {
                "linkedServiceName": {
                    "referenceName": "tsaazbisql01",
                    "type": "LinkedServiceReference"
                },
                "annotations": [],
                "type": "AzureSqlTable",
                "schema": [
                    {
                        "name": "MetricID",
                        "type": "bigint",
                        "precision": 19
                    },
                    {
                        "name": "ElementID",
                        "type": "smallint",
                        "precision": 5
                    },
                    {
                        "name": "MetricTypeID",
                        "type": "smallint",
                        "precision": 5
                    },
                    {
                        "name": "ConfigID",
                        "type": "smallint",
                        "precision": 5
                    },
                    {
                        "name": "DateValue",
                        "type": "datetime2",
                        "scale": 7
                    },
                    {
                        "name": "Row_Count",
                        "type": "int",
                        "precision": 10
                    },
                    {
                        "name": "CreatedDT",
                        "type": "datetime2",
                        "scale": 7
                    }
                ],
                "typeProperties": {
                    "schema": "INTEGRATION",
                    "table": "EnsambleMetric_RowCount"
                }
            },
            "dependsOn": []
        },
        {
            "name": "[concat(parameters('factoryName'), '/INETGRATION_EnsambleMetric_RowCount_Active')]",
            "type": "Microsoft.DataFactory/factories/datasets",
            "apiVersion": "2018-06-01",
            "properties": {
                "linkedServiceName": {
                    "referenceName": "tsaazbisql01",
                    "type": "LinkedServiceReference"
                },
                "annotations": [],
                "type": "AzureSqlTable",
                "schema": [
                    {
                        "name": "MetricID",
                        "type": "bigint",
                        "precision": 19
                    },
                    {
                        "name": "ElementID",
                        "type": "smallint",
                        "precision": 5
                    },
                    {
                        "name": "MetricTypeID",
                        "type": "smallint",
                        "precision": 5
                    },
                    {
                        "name": "ConfigID",
                        "type": "smallint",
                        "precision": 5
                    },
                    {
                        "name": "DateValue",
                        "type": "datetime2",
                        "scale": 7
                    },
                    {
                        "name": "Row_Count",
                        "type": "int",
                        "precision": 10
                    },
                    {
                        "name": "CreatedDT",
                        "type": "datetime2",
                        "scale": 7
                    }
                ],
                "typeProperties": {
                    "schema": "INTEGRATION",
                    "table": "EnsambleMetric_RowCount_Active"
                }
            },
            "dependsOn": []
        },
        {
            "name": "[concat(parameters('factoryName'), '/INTEFRATION_ingress_DataCatalog')]",
            "type": "Microsoft.DataFactory/factories/datasets",
            "apiVersion": "2018-06-01",
            "properties": {
                "linkedServiceName": {
                    "referenceName": "tsaazbisql01",
                    "type": "LinkedServiceReference"
                },
                "annotations": [],
                "type": "AzureSqlTable",
                "schema": [
                    {
                        "name": "DCDatabaseInstanceID",
                        "type": "int",
                        "precision": 10
                    },
                    {
                        "name": "DatabaseID",
                        "type": "int",
                        "precision": 10
                    },
                    {
                        "name": "DatabaseName",
                        "type": "varchar"
                    },
                    {
                        "name": "SchemaID",
                        "type": "int",
                        "precision": 10
                    },
                    {
                        "name": "SchemaName",
                        "type": "nvarchar"
                    },
                    {
                        "name": "DataEntityID",
                        "type": "int",
                        "precision": 10
                    },
                    {
                        "name": "DataEntityName",
                        "type": "nvarchar"
                    },
                    {
                        "name": "ColumnID",
                        "type": "int",
                        "precision": 10
                    },
                    {
                        "name": "ColumnName",
                        "type": "nvarchar"
                    },
                    {
                        "name": "DataType",
                        "type": "nvarchar"
                    },
                    {
                        "name": "MaxLength",
                        "type": "smallint",
                        "precision": 5
                    },
                    {
                        "name": "Precision",
                        "type": "tinyint",
                        "precision": 3
                    },
                    {
                        "name": "Scale",
                        "type": "tinyint",
                        "precision": 3
                    },
                    {
                        "name": "IsPrimaryKey",
                        "type": "int",
                        "precision": 10
                    },
                    {
                        "name": "IsForeignKey",
                        "type": "int",
                        "precision": 10
                    },
                    {
                        "name": "DefaultValue",
                        "type": "varchar"
                    },
                    {
                        "name": "IsSystemGenerated",
                        "type": "int",
                        "precision": 10
                    },
                    {
                        "name": "RowCount",
                        "type": "int",
                        "precision": 10
                    },
                    {
                        "name": "DataEntitySize",
                        "type": "decimal",
                        "precision": 18,
                        "scale": 3
                    },
                    {
                        "name": "DatabaseSize",
                        "type": "decimal",
                        "precision": 18,
                        "scale": 3
                    },
                    {
                        "name": "IsActive",
                        "type": "bit"
                    },
                    {
                        "name": "FieldSortOrder",
                        "type": "int",
                        "precision": 10
                    }
                ],
                "typeProperties": {
                    "tableName": "[[INTEGRATION].[ingress_DataCatalog]"
                }
            },
            "dependsOn": []
        },
        {
            "name": "[concat(parameters('factoryName'), '/INTEGRATION_DatabaseCrawler_ErrorDetail')]",
            "type": "Microsoft.DataFactory/factories/datasets",
            "apiVersion": "2018-06-01",
            "properties": {
                "linkedServiceName": {
                    "referenceName": "tsaazbisql01",
                    "type": "LinkedServiceReference"
                },
                "annotations": [],
                "type": "AzureSqlTable",
                "schema": [
                    {
                        "name": "DBCrawlErrorDetailID",
                        "type": "int",
                        "precision": 10
                    },
                    {
                        "name": "ErrorCode",
                        "type": "varchar"
                    },
                    {
                        "name": "ErrorDescription",
                        "type": "varchar"
                    },
                    {
                        "name": "DatabaseInstanceID",
                        "type": "int",
                        "precision": 10
                    },
                    {
                        "name": "DatabaseID",
                        "type": "int",
                        "precision": 10
                    },
                    {
                        "name": "DatabaseName",
                        "type": "varchar"
                    },
                    {
                        "name": "ActualConnectionString",
                        "type": "varchar"
                    },
                    {
                        "name": "SQLQueryText",
                        "type": "varchar"
                    },
                    {
                        "name": "ErrorDT",
                        "type": "datetime2",
                        "scale": 7
                    },
                    {
                        "name": "CrawlBatchID",
                        "type": "int",
                        "precision": 10
                    }
                ],
                "typeProperties": {
                    "tableName": "[[INTEGRATION].[ingress_DatabaseCrawler_ErrorDetail]"
                }
            },
            "dependsOn": []
        },
        {
            "name": "[concat(parameters('factoryName'), '/INTEGRATION_ETL_Ensamble_Config')]",
            "type": "Microsoft.DataFactory/factories/datasets",
            "apiVersion": "2018-06-01",
            "properties": {
                "linkedServiceName": {
                    "referenceName": "tsaazbisql01",
                    "type": "LinkedServiceReference"
                },
                "annotations": [],
                "type": "AzureSqlTable",
                "schema": [
                    {
                        "name": "ConfigID",
                        "type": "smallint",
                        "precision": 5
                    },
                    {
                        "name": "DatabaseInstanceName",
                        "type": "nvarchar"
                    },
                    {
                        "name": "DatabaseName",
                        "type": "nvarchar"
                    },
                    {
                        "name": "SchemaName",
                        "type": "nvarchar"
                    },
                    {
                        "name": "DataEntityName",
                        "type": "nvarchar"
                    },
                    {
                        "name": "ElementFullyQualified",
                        "type": "nvarchar"
                    },
                    {
                        "name": "MetricTypeName",
                        "type": "nvarchar"
                    },
                    {
                        "name": "ScheduleID",
                        "type": "smallint",
                        "precision": 5
                    },
                    {
                        "name": "TimeGrainCode",
                        "type": "varchar"
                    },
                    {
                        "name": "TimeGrainDescription",
                        "type": "varchar"
                    },
                    {
                        "name": "VelocityTypeID",
                        "type": "smallint",
                        "precision": 5
                    },
                    {
                        "name": "VelocityType",
                        "type": "varchar"
                    },
                    {
                        "name": "MetricDefinition",
                        "type": "nvarchar"
                    }
                ],
                "typeProperties": {
                    "schema": "ETL",
                    "table": "vw_Ensamble_Config"
                }
            },
            "dependsOn": []
        },
        {
            "name": "[concat(parameters('factoryName'), '/INTEGRATION_EnsambleMetric_LastLoadDT')]",
            "type": "Microsoft.DataFactory/factories/datasets",
            "apiVersion": "2018-06-01",
            "properties": {
                "linkedServiceName": {
                    "referenceName": "tsaazbisql01",
                    "type": "LinkedServiceReference"
                },
                "annotations": [],
                "type": "AzureSqlTable",
                "schema": [
                    {
                        "name": "MetricID",
                        "type": "bigint",
                        "precision": 19
                    },
                    {
                        "name": "ElementID",
                        "type": "smallint",
                        "precision": 5
                    },
                    {
                        "name": "MetricTypeID",
                        "type": "smallint",
                        "precision": 5
                    },
                    {
                        "name": "ConfigID",
                        "type": "smallint",
                        "precision": 5
                    },
                    {
                        "name": "DateValue",
                        "type": "datetime2",
                        "scale": 7
                    },
                    {
                        "name": "LastLoadDT",
                        "type": "datetime2",
                        "scale": 7
                    },
                    {
                        "name": "CreatedDT",
                        "type": "datetime2",
                        "scale": 7
                    }
                ],
                "typeProperties": {
                    "schema": "INTEGRATION",
                    "table": "EnsambleMetric_LastLoadDT"
                }
            },
            "dependsOn": []
        },
        {
            "name": "[concat(parameters('factoryName'), '/INTEGRATION_EnsambleMetric_LastSourceSystemDT')]",
            "type": "Microsoft.DataFactory/factories/datasets",
            "apiVersion": "2018-06-01",
            "properties": {
                "linkedServiceName": {
                    "referenceName": "tsaazbisql01",
                    "type": "LinkedServiceReference"
                },
                "annotations": [],
                "type": "AzureSqlTable",
                "schema": [
                    {
                        "name": "MetricID",
                        "type": "bigint",
                        "precision": 19
                    },
                    {
                        "name": "ElementID",
                        "type": "smallint",
                        "precision": 5
                    },
                    {
                        "name": "MetricTypeID",
                        "type": "smallint",
                        "precision": 5
                    },
                    {
                        "name": "ConfigID",
                        "type": "smallint",
                        "precision": 5
                    },
                    {
                        "name": "DateValue",
                        "type": "datetime2",
                        "scale": 7
                    },
                    {
                        "name": "LastSourceSystemDT",
                        "type": "datetime2",
                        "scale": 7
                    },
                    {
                        "name": "CreatedDT",
                        "type": "datetime2",
                        "scale": 7
                    }
                ],
                "typeProperties": {
                    "schema": "INTEGRATION",
                    "table": "EnsambleMetric_LastSourceSystemDT"
                }
            },
            "dependsOn": []
        },
        {
            "name": "[concat(parameters('factoryName'), '/INTEGRATION_EnsambleMetric_OutdatedBusinessKey')]",
            "type": "Microsoft.DataFactory/factories/datasets",
            "apiVersion": "2018-06-01",
            "properties": {
                "linkedServiceName": {
                    "referenceName": "tsaazbisql01",
                    "type": "LinkedServiceReference"
                },
                "annotations": [],
                "type": "AzureSqlTable",
                "schema": [
                    {
                        "name": "MetricID",
                        "type": "bigint",
                        "precision": 19
                    },
                    {
                        "name": "ElementID",
                        "type": "smallint",
                        "precision": 5
                    },
                    {
                        "name": "MetricTypeID",
                        "type": "smallint",
                        "precision": 5
                    },
                    {
                        "name": "ConfigID",
                        "type": "smallint",
                        "precision": 5
                    },
                    {
                        "name": "DateValue",
                        "type": "datetime2",
                        "scale": 7
                    },
                    {
                        "name": "OutdatedBKCount",
                        "type": "int",
                        "precision": 10
                    },
                    {
                        "name": "CreatedDT",
                        "type": "datetime2",
                        "scale": 7
                    }
                ],
                "typeProperties": {
                    "schema": "INTEGRATION",
                    "table": "EnsambleMetric_OutdatedBusinessKey"
                }
            },
            "dependsOn": []
        },
        {
            "name": "[concat(parameters('factoryName'), '/INTEGRATION_EnsambleMetric_OutdatedLinks')]",
            "type": "Microsoft.DataFactory/factories/datasets",
            "apiVersion": "2018-06-01",
            "properties": {
                "linkedServiceName": {
                    "referenceName": "tsaazbisql01",
                    "type": "LinkedServiceReference"
                },
                "annotations": [],
                "type": "AzureSqlTable",
                "schema": [
                    {
                        "name": "MetricID",
                        "type": "bigint",
                        "precision": 19
                    },
                    {
                        "name": "ElementID",
                        "type": "smallint",
                        "precision": 5
                    },
                    {
                        "name": "MetricTypeID",
                        "type": "smallint",
                        "precision": 5
                    },
                    {
                        "name": "ConfigID",
                        "type": "smallint",
                        "precision": 5
                    },
                    {
                        "name": "DateValue",
                        "type": "datetime2",
                        "scale": 7
                    },
                    {
                        "name": "OutdatedLinkCount",
                        "type": "int",
                        "precision": 10
                    },
                    {
                        "name": "CreatedDT",
                        "type": "datetime2",
                        "scale": 7
                    }
                ],
                "typeProperties": {
                    "schema": "INTEGRATION",
                    "table": "EnsambleMetric_OutdatedLinks"
                }
            },
            "dependsOn": []
        },
        {
            "name": "[concat(parameters('factoryName'), '/INTEGRATION_METRIC_EnsambleMetric_AggregateValue')]",
            "type": "Microsoft.DataFactory/factories/datasets",
            "apiVersion": "2018-06-01",
            "properties": {
                "linkedServiceName": {
                    "referenceName": "TSABISQL02_STAGSSIS_MetricsVault",
                    "type": "LinkedServiceReference"
                },
                "annotations": [],
                "type": "SqlServerTable",
                "schema": [
                    {
                        "name": "MetricID",
                        "type": "bigint",
                        "precision": 19
                    },
                    {
                        "name": "ElementID",
                        "type": "smallint",
                        "precision": 5
                    },
                    {
                        "name": "MetricTypeID",
                        "type": "smallint",
                        "precision": 5
                    },
                    {
                        "name": "ConfigID",
                        "type": "smallint",
                        "precision": 5
                    },
                    {
                        "name": "DateValue",
                        "type": "datetime2",
                        "scale": 7
                    },
                    {
                        "name": "AggregateValue",
                        "type": "float",
                        "precision": 15
                    },
                    {
                        "name": "CreatedDT",
                        "type": "datetime2",
                        "scale": 7
                    }
                ],
                "typeProperties": {
                    "schema": "dbo",
                    "table": "EnsambleMetric_AggregateValue"
                }
            },
            "dependsOn": []
        },
        {
            "name": "[concat(parameters('factoryName'), '/INTEGRATION_egress_ETL_Config')]",
            "type": "Microsoft.DataFactory/factories/datasets",
            "apiVersion": "2018-06-01",
            "properties": {
                "linkedServiceName": {
                    "referenceName": "TSABISQL02_STAGSSIS_DataManager_Local",
                    "type": "LinkedServiceReference"
                },
                "annotations": [],
                "type": "SqlServerTable",
                "schema": [
                    {
                        "name": "ConfigID",
                        "type": "smallint",
                        "precision": 5
                    },
                    {
                        "name": "DatabaseInstanceName",
                        "type": "nvarchar"
                    },
                    {
                        "name": "DatabaseName",
                        "type": "nvarchar"
                    },
                    {
                        "name": "SchemaName",
                        "type": "nvarchar"
                    },
                    {
                        "name": "DataEntityName",
                        "type": "nvarchar"
                    },
                    {
                        "name": "ElementFullyQualifiedName",
                        "type": "nvarchar"
                    },
                    {
                        "name": "MetricTypeName",
                        "type": "nvarchar"
                    },
                    {
                        "name": "ScheduleID",
                        "type": "smallint",
                        "precision": 5
                    },
                    {
                        "name": "TimeGrainCode",
                        "type": "nvarchar"
                    },
                    {
                        "name": "TimeGrainDescription",
                        "type": "nvarchar"
                    },
                    {
                        "name": "VelocityTypeID",
                        "type": "nvarchar"
                    },
                    {
                        "name": "VelocityType",
                        "type": "nvarchar"
                    },
                    {
                        "name": "MetricDefinition",
                        "type": "nvarchar"
                    },
                    {
                        "name": "CreatedDT",
                        "type": "datetime2",
                        "scale": 7
                    },
                    {
                        "name": "IsActive",
                        "type": "bit"
                    }
                ],
                "typeProperties": {
                    "schema": "INTEGRATION",
                    "table": "Ensamble_Config"
                }
            },
            "dependsOn": []
        },
        {
            "name": "[concat(parameters('factoryName'), '/INTEGRATION_egress_ExecutionLog')]",
            "type": "Microsoft.DataFactory/factories/datasets",
            "apiVersion": "2018-06-01",
            "properties": {
                "linkedServiceName": {
                    "referenceName": "TSABISQL02_STAGSSIS_DataManager_Local",
                    "type": "LinkedServiceReference"
                },
                "annotations": [],
                "type": "SqlServerTable",
                "schema": [
                    {
                        "name": "ExecutionLogID",
                        "type": "int",
                        "precision": 10
                    },
                    {
                        "name": "LoadConfigID",
                        "type": "int",
                        "precision": 10
                    },
                    {
                        "name": "DatabaseName",
                        "type": "varchar"
                    },
                    {
                        "name": "SchemaName",
                        "type": "varchar"
                    },
                    {
                        "name": "DataEntityName",
                        "type": "varchar"
                    },
                    {
                        "name": "QueuedForProcessingDT",
                        "type": "datetime2",
                        "scale": 7
                    },
                    {
                        "name": "StartDT",
                        "type": "datetime2",
                        "scale": 7
                    },
                    {
                        "name": "FinishDT",
                        "type": "datetime2",
                        "scale": 7
                    },
                    {
                        "name": "LastProcessingKeyValue",
                        "type": "varchar"
                    },
                    {
                        "name": "IsReload",
                        "type": "bit"
                    },
                    {
                        "name": "Result",
                        "type": "varchar"
                    },
                    {
                        "name": "ErrorMessage",
                        "type": "varchar"
                    },
                    {
                        "name": "IsError",
                        "type": "int",
                        "precision": 10
                    },
                    {
                        "name": "IsDataIntegrityError",
                        "type": "bit"
                    },
                    {
                        "name": "SourceRowCount",
                        "type": "int",
                        "precision": 10
                    },
                    {
                        "name": "SourceTableSizeBytes",
                        "type": "int",
                        "precision": 10
                    },
                    {
                        "name": "InitialTargetRowCount",
                        "type": "int",
                        "precision": 10
                    },
                    {
                        "name": "InitialTargetTableSizeBytes",
                        "type": "int",
                        "precision": 10
                    },
                    {
                        "name": "RowsTransferred",
                        "type": "int",
                        "precision": 10
                    },
                    {
                        "name": "DeletedRowCount",
                        "type": "int",
                        "precision": 10
                    },
                    {
                        "name": "UpdatedRowCount",
                        "type": "int",
                        "precision": 10
                    },
                    {
                        "name": "UpdatedRowBytes",
                        "type": "int",
                        "precision": 10
                    },
                    {
                        "name": "TargetRowCount",
                        "type": "int",
                        "precision": 10
                    },
                    {
                        "name": "TargetTableSizeBytes",
                        "type": "int",
                        "precision": 10
                    },
                    {
                        "name": "NewRowCount",
                        "type": "int",
                        "precision": 10
                    },
                    {
                        "name": "NewRowsBytes",
                        "type": "int",
                        "precision": 10
                    }
                ],
                "typeProperties": {
                    "tableName": "[[INTEGRATION].[vw_egress_ExecutionLog]"
                }
            },
            "dependsOn": []
        }
    ]
}