{
    "$schema": "http://schema.management.azure.com/schemas/2015-01-01/deploymentTemplate.json#",
    "contentVersion": "1.0.0.0",
    "parameters": {
        "factoryName": {
            "type": "string",
            "metadata": "Data Factory name",
            "defaultValue": "TSAADFPROD01"
        },
        "AZ_TSAAZBISQL01_DM_COMPARE_connectionString": {
            "type": "secureString",
            "metadata": "Secure string for 'connectionString' of 'AZ_TSAAZBISQL01_DM_COMPARE'"
        },
        "KEVRO_LinkedService_connectionString": {
            "type": "secureString",
            "metadata": "Secure string for 'connectionString' of 'KEVRO_LinkedService'"
        },
        "SAPPO_LinkedService_connectionString": {
            "type": "secureString",
            "metadata": "Secure string for 'connectionString' of 'SAPPO_LinkedService'"
        },
        "TSABISQL02_StageArea_connectionString": {
            "type": "secureString",
            "metadata": "Secure string for 'connectionString' of 'TSABISQL02_StageArea'"
        },
        "Tourvest_LinkedService_connectionString": {
            "type": "secureString",
            "metadata": "Secure string for 'connectionString' of 'Tourvest_LinkedService'"
        },
        "aidatabase_connectionString": {
            "type": "secureString",
            "metadata": "Secure string for 'connectionString' of 'aidatabase'"
        },
        "TSABISQL02_STAGSSIS_DataManager_Gateway_connectionString": {
            "type": "secureString",
            "metadata": "Secure string for 'connectionString' of 'TSABISQL02_STAGSSIS_DataManager_Gateway'"
        },
        "TSABISQL02_STAGSSIS_DataManager_Gateway_password": {
            "type": "secureString",
            "metadata": "Secure string for 'password' of 'TSABISQL02_STAGSSIS_DataManager_Gateway'"
        },
        "TSABISQL02_STAGSSIS_DataManager_Local_connectionString": {
            "type": "secureString",
            "metadata": "Secure string for 'connectionString' of 'TSABISQL02_STAGSSIS_DataManager_Local'"
        },
        "TSABISQL02_STAGSSIS_DataManager_Local_password": {
            "type": "secureString",
            "metadata": "Secure string for 'password' of 'TSABISQL02_STAGSSIS_DataManager_Local'"
        },
        "TSABISQL02_STAGSSIS_DataVault_connectionString": {
            "type": "secureString",
            "metadata": "Secure string for 'connectionString' of 'TSABISQL02_STAGSSIS_DataVault'"
        },
        "TSABISQL02_STAGSSIS_DataVault_password": {
            "type": "secureString",
            "metadata": "Secure string for 'password' of 'TSABISQL02_STAGSSIS_DataVault'"
        },
        "TSABISQL02_STAGSSIS_MetricsVault_connectionString": {
            "type": "secureString",
            "metadata": "Secure string for 'connectionString' of 'TSABISQL02_STAGSSIS_MetricsVault'"
        },
        "TSABISQL02_STAGSSIS_MetricsVault_password": {
            "type": "secureString",
            "metadata": "Secure string for 'password' of 'TSABISQL02_STAGSSIS_MetricsVault'"
        },
        "TSABISQL02_STAGSSIS_ODSX3P_connectionString": {
            "type": "secureString",
            "metadata": "Secure string for 'connectionString' of 'TSABISQL02_STAGSSIS_ODSX3P'"
        },
        "TSABISQL02_STAGSSIS_ODSX3P_password": {
            "type": "secureString",
            "metadata": "Secure string for 'password' of 'TSABISQL02_STAGSSIS_ODSX3P'"
        },
        "TSABISQL02_STAGSSIS_STAGEAREA_connectionString": {
            "type": "secureString",
            "metadata": "Secure string for 'connectionString' of 'TSABISQL02_STAGSSIS_STAGEAREA'"
        },
        "TSABISQL02_STAGSSIS_STAGEAREA_password": {
            "type": "secureString",
            "metadata": "Secure string for 'password' of 'TSABISQL02_STAGSSIS_STAGEAREA'"
        },
        "TSAADFPROD01_properties_typeProperties_linkedInfo_resourceId": {
            "type": "string",
            "defaultValue": "/subscriptions/1b885f11-2db2-459f-a111-f6c3535c429a/resourcegroups/RG-TharisaDataEnablement/providers/Microsoft.DataFactory/factories/TSAADF01/integrationruntimes/TSAADFIR01"
        },
        "TSABISQL02_STAGSSIS_DataManager_Gateway_properties_typeProperties_userName": {
            "type": "string",
            "defaultValue": "pbissis@tharisa.com"
        },
        "TSABISQL02_STAGSSIS_DataManager_Local_properties_typeProperties_userName": {
            "type": "string",
            "defaultValue": "pbissis@tharisa.com"
        },
        "TSABISQL02_STAGSSIS_DataVault_properties_typeProperties_userName": {
            "type": "string",
            "defaultValue": "pbissis@tharisa.com"
        },
        "TSABISQL02_STAGSSIS_MetricsVault_properties_typeProperties_userName": {
            "type": "string",
            "defaultValue": "pbissis@tharisa.com"
        },
        "TSABISQL02_STAGSSIS_ODSX3P_properties_typeProperties_userName": {
            "type": "string",
            "defaultValue": "Tharisa\\phorn"
        },
        "TSABISQL02_STAGSSIS_STAGEAREA_properties_typeProperties_userName": {
            "type": "string",
            "defaultValue": "pbissis@tharisa.com"
        }
    },
    "variables": {
        "factoryId": "[concat('Microsoft.DataFactory/factories/', parameters('factoryName'))]"
    },
    "resources": [
        {
            "name": "[concat(parameters('factoryName'), '/AZ_TSAAZBISQL01_DM_COMPARE')]",
            "type": "Microsoft.DataFactory/factories/linkedServices",
            "apiVersion": "2018-06-01",
            "properties": {
                "annotations": [],
                "type": "AzureSqlDatabase",
                "typeProperties": {
                    "connectionString": "[parameters('AZ_TSAAZBISQL01_DM_COMPARE_connectionString')]"
                }
            },
            "dependsOn": []
        },
        {
            "name": "[concat(parameters('factoryName'), '/KEVRO_LinkedService')]",
            "type": "Microsoft.DataFactory/factories/linkedServices",
            "apiVersion": "2018-06-01",
            "properties": {
                "annotations": [],
                "type": "AzureSqlDatabase",
                "typeProperties": {
                    "connectionString": "[parameters('KEVRO_LinkedService_connectionString')]"
                }
            },
            "dependsOn": []
        },
        {
            "name": "[concat(parameters('factoryName'), '/SAPPO_LinkedService')]",
            "type": "Microsoft.DataFactory/factories/linkedServices",
            "apiVersion": "2018-06-01",
            "properties": {
                "annotations": [],
                "type": "AzureSqlDatabase",
                "typeProperties": {
                    "connectionString": "[parameters('SAPPO_LinkedService_connectionString')]"
                }
            },
            "dependsOn": []
        },
        {
            "name": "[concat(parameters('factoryName'), '/TSABISQL02_StageArea')]",
            "type": "Microsoft.DataFactory/factories/linkedServices",
            "apiVersion": "2018-06-01",
            "properties": {
                "description": "StageArea DLT Procs",
                "annotations": [],
                "type": "SqlServer",
                "typeProperties": {
                    "connectionString": "[parameters('TSABISQL02_StageArea_connectionString')]"
                }
            },
            "dependsOn": []
        },
        {
            "name": "[concat(parameters('factoryName'), '/Tourvest_LinkedService')]",
            "type": "Microsoft.DataFactory/factories/linkedServices",
            "apiVersion": "2018-06-01",
            "properties": {
                "annotations": [],
                "type": "AzureSqlDatabase",
                "typeProperties": {
                    "connectionString": "[parameters('Tourvest_LinkedService_connectionString')]"
                }
            },
            "dependsOn": []
        },
        {
            "name": "[concat(parameters('factoryName'), '/aidatabase')]",
            "type": "Microsoft.DataFactory/factories/linkedServices",
            "apiVersion": "2018-06-01",
            "properties": {
                "annotations": [],
                "type": "AzureSqlDatabase",
                "typeProperties": {
                    "connectionString": "[parameters('aidatabase_connectionString')]"
                }
            },
            "dependsOn": []
        },
        {
            "name": "[concat(parameters('factoryName'), '/Daily At 3')]",
            "type": "Microsoft.DataFactory/factories/triggers",
            "apiVersion": "2018-06-01",
            "properties": {
                "annotations": [],
                "runtimeState": "Stopped",
                "pipelines": [],
                "type": "ScheduleTrigger",
                "typeProperties": {
                    "recurrence": {
                        "frequency": "Day",
                        "interval": 1,
                        "startTime": "2019-06-05T03:00:00.000Z",
                        "timeZone": "UTC",
                        "schedule": {
                            "hours": [
                                3
                            ]
                        }
                    }
                }
            },
            "dependsOn": []
        },
        {
            "name": "[concat(parameters('factoryName'), '/Every 60 min')]",
            "type": "Microsoft.DataFactory/factories/triggers",
            "apiVersion": "2018-06-01",
            "properties": {
                "annotations": [],
                "runtimeState": "Stopped",
                "pipelines": [],
                "type": "ScheduleTrigger",
                "typeProperties": {
                    "recurrence": {
                        "frequency": "Hour",
                        "interval": 1,
                        "startTime": "2019-06-19T10:00:00Z",
                        "timeZone": "UTC"
                    }
                }
            },
            "dependsOn": []
        },
        {
            "name": "[concat(parameters('factoryName'), '/TSAADFPROD01')]",
            "type": "Microsoft.DataFactory/factories/integrationRuntimes",
            "apiVersion": "2018-06-01",
            "properties": {
                "type": "SelfHosted",
                "typeProperties": {
                    "linkedInfo": {
                        "resourceId": "[parameters('TSAADFPROD01_properties_typeProperties_linkedInfo_resourceId')]",
                        "authorizationType": "Rbac"
                    }
                }
            },
            "dependsOn": []
        },
        {
            "name": "[concat(parameters('factoryName'), '/AZ_DM_Compare_INTEGRATION_ingress_DataCatalog')]",
            "type": "Microsoft.DataFactory/factories/datasets",
            "apiVersion": "2018-06-01",
            "properties": {
                "linkedServiceName": {
                    "referenceName": "AZ_TSAAZBISQL01_DM_COMPARE",
                    "type": "LinkedServiceReference"
                },
                "annotations": [],
                "type": "AzureSqlTable",
                "schema": [
                    {
                        "name": "DCDatabaseInstanceID",
                        "type": "int",
                        "precision": 10
                    },
                    {
                        "name": "DatabaseID",
                        "type": "int",
                        "precision": 10
                    },
                    {
                        "name": "DatabaseName",
                        "type": "varchar"
                    },
                    {
                        "name": "SchemaID",
                        "type": "int",
                        "precision": 10
                    },
                    {
                        "name": "SchemaName",
                        "type": "nvarchar"
                    },
                    {
                        "name": "DataEntityID",
                        "type": "int",
                        "precision": 10
                    },
                    {
                        "name": "DataEntityName",
                        "type": "nvarchar"
                    },
                    {
                        "name": "ColumnID",
                        "type": "int",
                        "precision": 10
                    },
                    {
                        "name": "ColumnName",
                        "type": "nvarchar"
                    },
                    {
                        "name": "DataType",
                        "type": "nvarchar"
                    },
                    {
                        "name": "MaxLength",
                        "type": "smallint",
                        "precision": 5
                    },
                    {
                        "name": "Precision",
                        "type": "tinyint",
                        "precision": 3
                    },
                    {
                        "name": "Scale",
                        "type": "tinyint",
                        "precision": 3
                    },
                    {
                        "name": "IsPrimaryKey",
                        "type": "int",
                        "precision": 10
                    },
                    {
                        "name": "IsForeignKey",
                        "type": "int",
                        "precision": 10
                    },
                    {
                        "name": "DefaultValue",
                        "type": "varchar"
                    },
                    {
                        "name": "IsSystemGenerated",
                        "type": "int",
                        "precision": 10
                    },
                    {
                        "name": "RowCount",
                        "type": "int",
                        "precision": 10
                    },
                    {
                        "name": "DataEntitySize",
                        "type": "decimal",
                        "precision": 18,
                        "scale": 3
                    },
                    {
                        "name": "DatabaseSize",
                        "type": "decimal",
                        "precision": 18,
                        "scale": 3
                    },
                    {
                        "name": "IsActive",
                        "type": "bit"
                    },
                    {
                        "name": "FieldSortOrder",
                        "type": "int",
                        "precision": 10
                    },
                    {
                        "name": "DataEntityTypeCode",
                        "type": "varchar"
                    }
                ],
                "typeProperties": {
                    "schema": "INTEGRATION",
                    "table": "ingress_DataCatalog"
                }
            },
            "dependsOn": [
                "[concat(variables('factoryId'), '/linkedServices/AZ_TSAAZBISQL01_DM_COMPARE')]"
            ]
        },
        {
            "name": "[concat(parameters('factoryName'), '/AZ_Kevro_Crawler')]",
            "type": "Microsoft.DataFactory/factories/datasets",
            "apiVersion": "2018-06-01",
            "properties": {
                "linkedServiceName": {
                    "referenceName": "KEVRO_LinkedService",
                    "type": "LinkedServiceReference"
                },
                "annotations": [],
                "type": "AzureSqlTable",
                "schema": [],
                "typeProperties": {}
            },
            "dependsOn": [
                "[concat(variables('factoryId'), '/linkedServices/KEVRO_LinkedService')]"
            ]
        },
        {
            "name": "[concat(parameters('factoryName'), '/AZ_SAPPO_Crawler')]",
            "type": "Microsoft.DataFactory/factories/datasets",
            "apiVersion": "2018-06-01",
            "properties": {
                "linkedServiceName": {
                    "referenceName": "SAPPO_LinkedService",
                    "type": "LinkedServiceReference"
                },
                "annotations": [],
                "type": "AzureSqlTable",
                "schema": [],
                "typeProperties": {}
            },
            "dependsOn": [
                "[concat(variables('factoryId'), '/linkedServices/SAPPO_LinkedService')]"
            ]
        },
        {
            "name": "[concat(parameters('factoryName'), '/AZ_TOURVEST_Crawler')]",
            "type": "Microsoft.DataFactory/factories/datasets",
            "apiVersion": "2018-06-01",
            "properties": {
                "linkedServiceName": {
                    "referenceName": "Tourvest_LinkedService",
                    "type": "LinkedServiceReference"
                },
                "annotations": [],
                "type": "AzureSqlTable",
                "schema": [],
                "typeProperties": {}
            },
            "dependsOn": [
                "[concat(variables('factoryId'), '/linkedServices/Tourvest_LinkedService')]"
            ]
        },
        {
            "name": "[concat(parameters('factoryName'), '/EMPLOIDSA')]",
            "type": "Microsoft.DataFactory/factories/datasets",
            "apiVersion": "2018-06-01",
            "properties": {
                "linkedServiceName": {
                    "referenceName": "aidatabase",
                    "type": "LinkedServiceReference"
                },
                "annotations": [],
                "type": "AzureSqlTable",
                "schema": [],
                "typeProperties": {
                    "schema": "T3",
                    "table": "EMPLOIDSA"
                }
            },
            "dependsOn": [
                "[concat(variables('factoryId'), '/linkedServices/aidatabase')]"
            ]
        },
        {
            "name": "[concat(parameters('factoryName'), '/TSABISQL02_STAGSSIS_DataManager_Gateway')]",
            "type": "Microsoft.DataFactory/factories/linkedServices",
            "apiVersion": "2018-06-01",
            "properties": {
                "annotations": [],
                "type": "SqlServer",
                "typeProperties": {
                    "connectionString": "[parameters('TSABISQL02_STAGSSIS_DataManager_Gateway_connectionString')]",
                    "userName": "[parameters('TSABISQL02_STAGSSIS_DataManager_Gateway_properties_typeProperties_userName')]",
                    "password": {
                        "type": "SecureString",
                        "value": "[parameters('TSABISQL02_STAGSSIS_DataManager_Gateway_password')]"
                    }
                },
                "connectVia": {
                    "referenceName": "TSAADFPROD01",
                    "type": "IntegrationRuntimeReference"
                }
            },
            "dependsOn": [
                "[concat(variables('factoryId'), '/integrationRuntimes/TSAADFPROD01')]"
            ]
        },
        {
            "name": "[concat(parameters('factoryName'), '/TSABISQL02_STAGSSIS_DataManager_Local')]",
            "type": "Microsoft.DataFactory/factories/linkedServices",
            "apiVersion": "2018-06-01",
            "properties": {
                "annotations": [],
                "type": "SqlServer",
                "typeProperties": {
                    "connectionString": "[parameters('TSABISQL02_STAGSSIS_DataManager_Local_connectionString')]",
                    "userName": "[parameters('TSABISQL02_STAGSSIS_DataManager_Local_properties_typeProperties_userName')]",
                    "password": {
                        "type": "SecureString",
                        "value": "[parameters('TSABISQL02_STAGSSIS_DataManager_Local_password')]"
                    }
                },
                "connectVia": {
                    "referenceName": "TSAADFPROD01",
                    "type": "IntegrationRuntimeReference"
                }
            },
            "dependsOn": [
                "[concat(variables('factoryId'), '/integrationRuntimes/TSAADFPROD01')]"
            ]
        },
        {
            "name": "[concat(parameters('factoryName'), '/TSABISQL02_STAGSSIS_DataVault')]",
            "type": "Microsoft.DataFactory/factories/linkedServices",
            "apiVersion": "2018-06-01",
            "properties": {
                "annotations": [],
                "type": "SqlServer",
                "typeProperties": {
                    "connectionString": "[parameters('TSABISQL02_STAGSSIS_DataVault_connectionString')]",
                    "userName": "[parameters('TSABISQL02_STAGSSIS_DataVault_properties_typeProperties_userName')]",
                    "password": {
                        "type": "SecureString",
                        "value": "[parameters('TSABISQL02_STAGSSIS_DataVault_password')]"
                    }
                },
                "connectVia": {
                    "referenceName": "TSAADFPROD01",
                    "type": "IntegrationRuntimeReference"
                }
            },
            "dependsOn": [
                "[concat(variables('factoryId'), '/integrationRuntimes/TSAADFPROD01')]"
            ]
        },
        {
            "name": "[concat(parameters('factoryName'), '/TSABISQL02_STAGSSIS_MetricsVault')]",
            "type": "Microsoft.DataFactory/factories/linkedServices",
            "apiVersion": "2018-06-01",
            "properties": {
                "annotations": [],
                "type": "SqlServer",
                "typeProperties": {
                    "connectionString": "[parameters('TSABISQL02_STAGSSIS_MetricsVault_connectionString')]",
                    "userName": "[parameters('TSABISQL02_STAGSSIS_MetricsVault_properties_typeProperties_userName')]",
                    "password": {
                        "type": "SecureString",
                        "value": "[parameters('TSABISQL02_STAGSSIS_MetricsVault_password')]"
                    }
                },
                "connectVia": {
                    "referenceName": "TSAADFPROD01",
                    "type": "IntegrationRuntimeReference"
                }
            },
            "dependsOn": [
                "[concat(variables('factoryId'), '/integrationRuntimes/TSAADFPROD01')]"
            ]
        },
        {
            "name": "[concat(parameters('factoryName'), '/TSABISQL02_STAGSSIS_ODSX3P')]",
            "type": "Microsoft.DataFactory/factories/linkedServices",
            "apiVersion": "2018-06-01",
            "properties": {
                "description": "X3P ODS",
                "annotations": [],
                "type": "SqlServer",
                "typeProperties": {
                    "connectionString": "[parameters('TSABISQL02_STAGSSIS_ODSX3P_connectionString')]",
                    "userName": "[parameters('TSABISQL02_STAGSSIS_ODSX3P_properties_typeProperties_userName')]",
                    "password": {
                        "type": "SecureString",
                        "value": "[parameters('TSABISQL02_STAGSSIS_ODSX3P_password')]"
                    }
                },
                "connectVia": {
                    "referenceName": "TSAADFPROD01",
                    "type": "IntegrationRuntimeReference"
                }
            },
            "dependsOn": [
                "[concat(variables('factoryId'), '/integrationRuntimes/TSAADFPROD01')]"
            ]
        },
        {
            "name": "[concat(parameters('factoryName'), '/TSABISQL02_STAGSSIS_STAGEAREA')]",
            "type": "Microsoft.DataFactory/factories/linkedServices",
            "apiVersion": "2018-06-01",
            "properties": {
                "description": "Connection to the production Stage Area",
                "annotations": [],
                "type": "SqlServer",
                "typeProperties": {
                    "connectionString": "[parameters('TSABISQL02_STAGSSIS_STAGEAREA_connectionString')]",
                    "userName": "[parameters('TSABISQL02_STAGSSIS_STAGEAREA_properties_typeProperties_userName')]",
                    "password": {
                        "type": "SecureString",
                        "value": "[parameters('TSABISQL02_STAGSSIS_STAGEAREA_password')]"
                    }
                },
                "connectVia": {
                    "referenceName": "TSAADFPROD01",
                    "type": "IntegrationRuntimeReference"
                }
            },
            "dependsOn": [
                "[concat(variables('factoryId'), '/integrationRuntimes/TSAADFPROD01')]"
            ]
        }
    ]
}