{
    "$schema": "http://schema.management.azure.com/schemas/2015-01-01/deploymentTemplate.json#",
    "contentVersion": "1.0.0.0",
    "parameters": {
        "factoryName": {
            "type": "string",
            "metadata": "Data Factory name",
            "defaultValue": "TSAADFPROD01"
        }
    },
    "variables": {
        "factoryId": "[concat('Microsoft.DataFactory/factories/', parameters('factoryName'))]"
    },
    "resources": [
        {
            "name": "[concat(parameters('factoryName'), '/INTEGRATION_egress_ExecutionLogSteps')]",
            "type": "Microsoft.DataFactory/factories/datasets",
            "apiVersion": "2018-06-01",
            "properties": {
                "linkedServiceName": {
                    "referenceName": "TSABISQL02_STAGSSIS_DataManager_Local",
                    "type": "LinkedServiceReference"
                },
                "annotations": [],
                "type": "SqlServerTable",
                "schema": [
                    {
                        "name": "ExecutionLogID",
                        "type": "int",
                        "precision": 10
                    },
                    {
                        "name": "LoadConfigID",
                        "type": "int",
                        "precision": 10
                    },
                    {
                        "name": "DatabaseName",
                        "type": "varchar"
                    },
                    {
                        "name": "SchemaName",
                        "type": "varchar"
                    },
                    {
                        "name": "DataEntityName",
                        "type": "varchar"
                    },
                    {
                        "name": "QueuedForProcessingDT",
                        "type": "datetime2",
                        "scale": 7
                    },
                    {
                        "name": "StartDT",
                        "type": "datetime2",
                        "scale": 7
                    },
                    {
                        "name": "FinishDT",
                        "type": "datetime2",
                        "scale": 7
                    },
                    {
                        "name": "LastProcessingKeyValue",
                        "type": "varchar"
                    },
                    {
                        "name": "IsReload",
                        "type": "bit"
                    },
                    {
                        "name": "Result",
                        "type": "varchar"
                    },
                    {
                        "name": "ErrorMessage",
                        "type": "varchar"
                    },
                    {
                        "name": "IsError",
                        "type": "int",
                        "precision": 10
                    },
                    {
                        "name": "IsDataIntegrityError",
                        "type": "bit"
                    },
                    {
                        "name": "SourceRowCount",
                        "type": "int",
                        "precision": 10
                    },
                    {
                        "name": "SourceTableSizeBytes",
                        "type": "int",
                        "precision": 10
                    },
                    {
                        "name": "InitialTargetRowCount",
                        "type": "int",
                        "precision": 10
                    },
                    {
                        "name": "InitialTargetTableSizeBytes",
                        "type": "int",
                        "precision": 10
                    },
                    {
                        "name": "RowsTransferred",
                        "type": "int",
                        "precision": 10
                    },
                    {
                        "name": "DeletedRowCount",
                        "type": "int",
                        "precision": 10
                    },
                    {
                        "name": "UpdatedRowCount",
                        "type": "int",
                        "precision": 10
                    },
                    {
                        "name": "UpdatedRowBytes",
                        "type": "int",
                        "precision": 10
                    },
                    {
                        "name": "TargetRowCount",
                        "type": "int",
                        "precision": 10
                    },
                    {
                        "name": "TargetTableSizeBytes",
                        "type": "int",
                        "precision": 10
                    },
                    {
                        "name": "NewRowCount",
                        "type": "int",
                        "precision": 10
                    },
                    {
                        "name": "NewRowsBytes",
                        "type": "int",
                        "precision": 10
                    }
                ],
                "typeProperties": {
                    "tableName": "[[INTEGRATION].[vw_egress_ExecutionLog]"
                }
            },
            "dependsOn": []
        },
        {
            "name": "[concat(parameters('factoryName'), '/INTEGRATION_egress_LoadControl')]",
            "type": "Microsoft.DataFactory/factories/datasets",
            "apiVersion": "2018-06-01",
            "properties": {
                "description": "1",
                "linkedServiceName": {
                    "referenceName": "TSABISQL02_STAGSSIS_DataManager_Local",
                    "type": "LinkedServiceReference"
                },
                "annotations": [],
                "type": "SqlServerTable",
                "schema": [
                    {
                        "name": "LoadControlID",
                        "type": "int",
                        "precision": 10
                    },
                    {
                        "name": "LoadConfigID",
                        "type": "int",
                        "precision": 10
                    },
                    {
                        "name": "CreatedDT",
                        "type": "datetime2",
                        "scale": 7
                    },
                    {
                        "name": "QueuedForProcessingDT",
                        "type": "datetime2",
                        "scale": 7
                    },
                    {
                        "name": "ProcessingStartDT",
                        "type": "datetime2",
                        "scale": 7
                    },
                    {
                        "name": "ProcessingFinishedDT",
                        "type": "datetime2",
                        "scale": 7
                    },
                    {
                        "name": "LastProcessingPrimaryKey",
                        "type": "varchar"
                    },
                    {
                        "name": "LastProcessingTransactionNo",
                        "type": "varchar"
                    },
                    {
                        "name": "NewRecordDDL",
                        "type": "varchar"
                    },
                    {
                        "name": "UpdatedRecordDDL",
                        "type": "varchar"
                    },
                    {
                        "name": "CreateTempTableDDL",
                        "type": "varchar"
                    },
                    {
                        "name": "TempTableName",
                        "type": "varchar"
                    },
                    {
                        "name": "UpdateStatementDDL",
                        "type": "varchar"
                    },
                    {
                        "name": "GetLastProcessingKeyValueDDL",
                        "type": "varchar"
                    },
                    {
                        "name": "DeleteStatementDDL",
                        "type": "varchar"
                    },
                    {
                        "name": "IsLastRunFailed",
                        "type": "bit"
                    },
                    {
                        "name": "ProcessingState",
                        "type": "varchar"
                    },
                    {
                        "name": "NextScheduledRunTime",
                        "type": "datetime2",
                        "scale": 7
                    }
                ],
                "typeProperties": {
                    "tableName": "[[INTEGRATION].[vw_egress_LoadControl]"
                }
            },
            "dependsOn": []
        },
        {
            "name": "[concat(parameters('factoryName'), '/INTEGRATION_gateway_egress_DataCatalog')]",
            "type": "Microsoft.DataFactory/factories/datasets",
            "apiVersion": "2018-06-01",
            "properties": {
                "linkedServiceName": {
                    "referenceName": "TSABISQL02_STAGSSIS_DataManager_Gateway",
                    "type": "LinkedServiceReference"
                },
                "annotations": [],
                "type": "SqlServerTable",
                "schema": [
                    {
                        "name": "DCDatabaseInstanceID",
                        "type": "int",
                        "precision": 10
                    },
                    {
                        "name": "DatabaseID",
                        "type": "int",
                        "precision": 10
                    },
                    {
                        "name": "DatabaseName",
                        "type": "varchar"
                    },
                    {
                        "name": "SchemaID",
                        "type": "int",
                        "precision": 10
                    },
                    {
                        "name": "SchemaName",
                        "type": "nvarchar"
                    },
                    {
                        "name": "TableID",
                        "type": "int",
                        "precision": 10
                    },
                    {
                        "name": "TableName",
                        "type": "nvarchar"
                    },
                    {
                        "name": "ColumnID",
                        "type": "int",
                        "precision": 10
                    },
                    {
                        "name": "ColumnName",
                        "type": "nvarchar"
                    },
                    {
                        "name": "DataType",
                        "type": "nvarchar"
                    },
                    {
                        "name": "MaxLength",
                        "type": "smallint",
                        "precision": 5
                    },
                    {
                        "name": "Precision",
                        "type": "tinyint",
                        "precision": 3
                    },
                    {
                        "name": "Scale",
                        "type": "tinyint",
                        "precision": 3
                    },
                    {
                        "name": "IsPrimaryKey",
                        "type": "int",
                        "precision": 10
                    },
                    {
                        "name": "IsForeignKey",
                        "type": "int",
                        "precision": 10
                    },
                    {
                        "name": "DefaultValue",
                        "type": "nvarchar"
                    },
                    {
                        "name": "IsSystemGenerated",
                        "type": "int",
                        "precision": 10
                    },
                    {
                        "name": "RowCount",
                        "type": "int",
                        "precision": 10
                    },
                    {
                        "name": "DataEntitySize",
                        "type": "decimal",
                        "precision": 18,
                        "scale": 3
                    },
                    {
                        "name": "DatabaseSize",
                        "type": "decimal",
                        "precision": 18,
                        "scale": 3
                    },
                    {
                        "name": "IsActive",
                        "type": "bit"
                    },
                    {
                        "name": "FieldSortOrder",
                        "type": "int",
                        "precision": 10
                    }
                ],
                "typeProperties": {
                    "tableName": "[[INTEGRATION].[gateway_egress_DataCatalog]"
                }
            },
            "dependsOn": []
        },
        {
            "name": "[concat(parameters('factoryName'), '/INTEGRATION_ingress_EmployeeDetail')]",
            "type": "Microsoft.DataFactory/factories/datasets",
            "apiVersion": "2018-06-01",
            "properties": {
                "linkedServiceName": {
                    "referenceName": "tsaazbisql01",
                    "type": "LinkedServiceReference"
                },
                "annotations": [],
                "type": "AzureSqlTable",
                "structure": [
                    {
                        "name": "EmployeeCode",
                        "type": "String"
                    },
                    {
                        "name": "Surname",
                        "type": "String"
                    },
                    {
                        "name": "FirstName",
                        "type": "String"
                    },
                    {
                        "name": "ID_Number",
                        "type": "String"
                    },
                    {
                        "name": "PassportNumber",
                        "type": "String"
                    },
                    {
                        "name": "ContractNumber",
                        "type": "String"
                    },
                    {
                        "name": "EngagementDate",
                        "type": "DateTime"
                    },
                    {
                        "name": "Title",
                        "type": "String"
                    },
                    {
                        "name": "Department",
                        "type": "String"
                    },
                    {
                        "name": "DepartmentDesc",
                        "type": "String"
                    },
                    {
                        "name": "Site",
                        "type": "String"
                    },
                    {
                        "name": "SiteCode",
                        "type": "String"
                    },
                    {
                        "name": "Company",
                        "type": "String"
                    },
                    {
                        "name": "Profile",
                        "type": "String"
                    },
                    {
                        "name": "ProfileDesc",
                        "type": "String"
                    },
                    {
                        "name": "VIPDepartment",
                        "type": "String"
                    },
                    {
                        "name": "VIP_DepartmentDesc",
                        "type": "String"
                    },
                    {
                        "name": "DepartmentLong",
                        "type": "String"
                    },
                    {
                        "name": "PositionCode",
                        "type": "String"
                    },
                    {
                        "name": "PositionDescription",
                        "type": "String"
                    },
                    {
                        "name": "CostDepartment",
                        "type": "String"
                    },
                    {
                        "name": "CostDepartmentDesc",
                        "type": "String"
                    },
                    {
                        "name": "CostCentre",
                        "type": "String"
                    },
                    {
                        "name": "CostCentreDesc",
                        "type": "String"
                    },
                    {
                        "name": "JobGrade",
                        "type": "String"
                    },
                    {
                        "name": "swBreakdown",
                        "type": "Byte"
                    },
                    {
                        "name": "SeniorityDate",
                        "type": "DateTime"
                    },
                    {
                        "name": "Gender",
                        "type": "String"
                    },
                    {
                        "name": "RaceGroup",
                        "type": "String"
                    },
                    {
                        "name": "EmploymentStatus",
                        "type": "String"
                    },
                    {
                        "name": "Ethnic Group",
                        "type": "String"
                    },
                    {
                        "name": "Nationality",
                        "type": "String"
                    },
                    {
                        "name": "StandardJobCode",
                        "type": "String"
                    },
                    {
                        "name": "StandardJobDesc",
                        "type": "String"
                    },
                    {
                        "name": "HODCode",
                        "type": "String"
                    },
                    {
                        "name": "HODDesc",
                        "type": "String"
                    },
                    {
                        "name": "ManagerCode",
                        "type": "String"
                    },
                    {
                        "name": "ManagerDesc",
                        "type": "String"
                    },
                    {
                        "name": "Logon",
                        "type": "String"
                    },
                    {
                        "name": "Email",
                        "type": "String"
                    }
                ],
                "typeProperties": {
                    "tableName": "[[INTEGRATION].[ingress_EmployeeDetail]"
                }
            },
            "dependsOn": []
        },
        {
            "name": "[concat(parameters('factoryName'), '/INTEGRATION_ingress_EnsambleMetric_AggregateValue')]",
            "type": "Microsoft.DataFactory/factories/datasets",
            "apiVersion": "2018-06-01",
            "properties": {
                "linkedServiceName": {
                    "referenceName": "tsaazbisql01",
                    "type": "LinkedServiceReference"
                },
                "annotations": [],
                "type": "AzureSqlTable",
                "schema": [
                    {
                        "name": "MetricID",
                        "type": "bigint",
                        "precision": 19
                    },
                    {
                        "name": "ElementID",
                        "type": "smallint",
                        "precision": 5
                    },
                    {
                        "name": "MetricTypeID",
                        "type": "smallint",
                        "precision": 5
                    },
                    {
                        "name": "ConfigID",
                        "type": "smallint",
                        "precision": 5
                    },
                    {
                        "name": "DateValue",
                        "type": "datetime2",
                        "scale": 7
                    },
                    {
                        "name": "AggregateValue",
                        "type": "float",
                        "precision": 15
                    },
                    {
                        "name": "CreatedDT",
                        "type": "datetime2",
                        "scale": 7
                    }
                ],
                "typeProperties": {
                    "schema": "INTEGRATION",
                    "table": "EnsambleMetric_AggregateValue"
                }
            },
            "dependsOn": []
        },
        {
            "name": "[concat(parameters('factoryName'), '/INTEGRATION_vw_egress_DatabaseInstancesToLoad')]",
            "type": "Microsoft.DataFactory/factories/datasets",
            "apiVersion": "2018-06-01",
            "properties": {
                "linkedServiceName": {
                    "referenceName": "tsaazbisql01",
                    "type": "LinkedServiceReference"
                },
                "annotations": [],
                "type": "AzureSqlTable",
                "schema": [
                    {
                        "name": "ServerName",
                        "type": "varchar"
                    },
                    {
                        "name": "DatabaseInstanceName",
                        "type": "varchar"
                    },
                    {
                        "name": "DBAuthTypeName",
                        "type": "varchar"
                    },
                    {
                        "name": "AuthUsername",
                        "type": "varchar"
                    },
                    {
                        "name": "AuthPassword",
                        "type": "varchar"
                    },
                    {
                        "name": "NetworkPort",
                        "type": "int",
                        "precision": 10
                    },
                    {
                        "name": "DatabaseInstanceID",
                        "type": "int",
                        "precision": 10
                    },
                    {
                        "name": "ConnectionString",
                        "type": "varchar"
                    }
                ],
                "typeProperties": {
                    "tableName": "[[INTEGRATION].[vw_egress_DatabaseInstancesToLoad]"
                }
            },
            "dependsOn": []
        },
        {
            "name": "[concat(parameters('factoryName'), '/INTEGRATION_vw_egress_ReportRegister')]",
            "type": "Microsoft.DataFactory/factories/datasets",
            "apiVersion": "2018-06-01",
            "properties": {
                "linkedServiceName": {
                    "referenceName": "tsaazbisql01",
                    "type": "LinkedServiceReference"
                },
                "folder": {
                    "name": "Skateboard - Master Data Egress"
                },
                "annotations": [],
                "type": "AzureSqlTable",
                "typeProperties": {
                    "tableName": "[[INTEGRATION].[vw_egress_ReportRegister]"
                }
            },
            "dependsOn": []
        },
        {
            "name": "[concat(parameters('factoryName'), '/INTEGRATION_vw_egress_ReportRegister1')]",
            "type": "Microsoft.DataFactory/factories/datasets",
            "apiVersion": "2018-06-01",
            "properties": {
                "linkedServiceName": {
                    "referenceName": "tsaazbisql01",
                    "type": "LinkedServiceReference"
                },
                "annotations": [],
                "type": "AzureSqlTable",
                "structure": [
                    {
                        "name": "ReportID",
                        "type": "Int32"
                    },
                    {
                        "name": "ReportCode",
                        "type": "String"
                    },
                    {
                        "name": "ReportName",
                        "type": "String"
                    },
                    {
                        "name": "ReportDescription",
                        "type": "String"
                    },
                    {
                        "name": "ReportTypeDescription",
                        "type": "String"
                    },
                    {
                        "name": "ReportPackTitle",
                        "type": "String"
                    },
                    {
                        "name": "ReportPackDescription",
                        "type": "String"
                    },
                    {
                        "name": "ErrorParagraph",
                        "type": "String"
                    },
                    {
                        "name": "ReportStatusIndicator",
                        "type": "String"
                    },
                    {
                        "name": "ReportStatusIndicator_Local",
                        "type": "String"
                    },
                    {
                        "name": "ReportStatusTypeName",
                        "type": "String"
                    },
                    {
                        "name": "ReportDataStatusTypeIndicator",
                        "type": "String"
                    },
                    {
                        "name": "ReportDataStatusTypeIndicator_Local",
                        "type": "String"
                    },
                    {
                        "name": "ReportDataStatusTypeName",
                        "type": "String"
                    },
                    {
                        "name": "ReportTechnologyName",
                        "type": "String"
                    },
                    {
                        "name": "IsReportPackCapable",
                        "type": "Boolean"
                    },
                    {
                        "name": "ReportElementName",
                        "type": "String"
                    },
                    {
                        "name": "ReportElementDescription",
                        "type": "String"
                    },
                    {
                        "name": "ReportElementStatusIndicator",
                        "type": "String"
                    }
                ],
                "typeProperties": {
                    "tableName": "[[INTEGRATION].[vw_egress_ReportRegister]"
                }
            },
            "dependsOn": []
        },
        {
            "name": "[concat(parameters('factoryName'), '/INTEGRATION_vw_egress_SortOrderValues')]",
            "type": "Microsoft.DataFactory/factories/datasets",
            "apiVersion": "2018-06-01",
            "properties": {
                "linkedServiceName": {
                    "referenceName": "tsaazbisql01",
                    "type": "LinkedServiceReference"
                },
                "folder": {
                    "name": "Skateboard - Master Data Egress"
                },
                "annotations": [],
                "type": "AzureSqlTable",
                "structure": [
                    {
                        "name": "SortOrderGroupName",
                        "type": "String"
                    },
                    {
                        "name": "SortOrderGroupCode",
                        "type": "String"
                    },
                    {
                        "name": "FieldID",
                        "type": "Int32"
                    },
                    {
                        "name": "FieldName",
                        "type": "String"
                    },
                    {
                        "name": "DataEntityName",
                        "type": "String"
                    },
                    {
                        "name": "SchemaName",
                        "type": "String"
                    },
                    {
                        "name": "DatabaseName",
                        "type": "String"
                    },
                    {
                        "name": "SortOrder",
                        "type": "Int32"
                    },
                    {
                        "name": "DataValue",
                        "type": "String"
                    }
                ],
                "typeProperties": {
                    "tableName": "[[INTEGRATION].[vw_egress_SortOrderValues]"
                }
            },
            "dependsOn": []
        },
        {
            "name": "[concat(parameters('factoryName'), '/Integration_DataDistributionBatch')]",
            "type": "Microsoft.DataFactory/factories/datasets",
            "apiVersion": "2018-06-01",
            "properties": {
                "linkedServiceName": {
                    "referenceName": "tsaazbisql01",
                    "type": "LinkedServiceReference"
                },
                "annotations": [],
                "type": "AzureSqlTable",
                "structure": [
                    {
                        "name": "DataDistributionBatchID",
                        "type": "Int32"
                    },
                    {
                        "name": "DataEntityDDL",
                        "type": "String"
                    },
                    {
                        "name": "InsertPayload",
                        "type": "String"
                    },
                    {
                        "name": "DeletePayload",
                        "type": "String"
                    },
                    {
                        "name": "CreatedDT",
                        "type": "DateTime"
                    }
                ],
                "typeProperties": {
                    "tableName": "[[INTEGRATION].[DataDistributionBatch]"
                }
            },
            "dependsOn": []
        },
        {
            "name": "[concat(parameters('factoryName'), '/Integration_ingress_ExecutionQueue')]",
            "type": "Microsoft.DataFactory/factories/datasets",
            "apiVersion": "2018-06-01",
            "properties": {
                "linkedServiceName": {
                    "referenceName": "TSABISQL02_STAGSSIS_DataManager_Local",
                    "type": "LinkedServiceReference"
                },
                "annotations": [],
                "type": "SqlServerTable",
                "structure": [
                    {
                        "name": "DDLExecutionQueueID",
                        "type": "Int32"
                    },
                    {
                        "name": "DDLQueryText",
                        "type": "String"
                    },
                    {
                        "name": "DDLQueryDescription",
                        "type": "String"
                    },
                    {
                        "name": "TargetDatabaseInstanceID",
                        "type": "Int32"
                    },
                    {
                        "name": "Result",
                        "type": "String"
                    },
                    {
                        "name": "CreatedDT",
                        "type": "DateTime"
                    },
                    {
                        "name": "ErrorMessage",
                        "type": "String"
                    },
                    {
                        "name": "ErrorID",
                        "type": "Int32"
                    },
                    {
                        "name": "ExecutedDT",
                        "type": "DateTime"
                    },
                    {
                        "name": "DDLHashCheck",
                        "type": "String"
                    }
                ],
                "typeProperties": {
                    "tableName": "[[INTEGRATION].[ingress_DDLExecutionQueue]"
                }
            },
            "dependsOn": []
        },
        {
            "name": "[concat(parameters('factoryName'), '/Integration_vw_egress_CompanyInfo')]",
            "type": "Microsoft.DataFactory/factories/datasets",
            "apiVersion": "2018-06-01",
            "properties": {
                "linkedServiceName": {
                    "referenceName": "tsaazbisql01",
                    "type": "LinkedServiceReference"
                },
                "folder": {
                    "name": "Skateboard - Master Data Egress"
                },
                "annotations": [],
                "type": "AzureSqlTable",
                "structure": [
                    {
                        "name": "CompanyID",
                        "type": "Int32"
                    },
                    {
                        "name": "CompanyCode",
                        "type": "String"
                    },
                    {
                        "name": "CompanyName",
                        "type": "String"
                    },
                    {
                        "name": "CompanyLogo",
                        "type": "String"
                    },
                    {
                        "name": "ReportingCompanyLogo",
                        "type": "String"
                    }
                ],
                "typeProperties": {
                    "tableName": "[[INTEGRATION].[vw_egress_Company]"
                }
            },
            "dependsOn": []
        },
        {
            "name": "[concat(parameters('factoryName'), '/LOCAL_DATAMANAGER_COMPANY')]",
            "type": "Microsoft.DataFactory/factories/datasets",
            "apiVersion": "2018-06-01",
            "properties": {
                "linkedServiceName": {
                    "referenceName": "TSABISQL02_STAGSSIS_DataManager_Local",
                    "type": "LinkedServiceReference"
                },
                "annotations": [],
                "type": "SqlServerTable",
                "structure": [
                    {
                        "name": "CompanyID",
                        "type": "Int32"
                    },
                    {
                        "name": "CompanyCode",
                        "type": "String"
                    },
                    {
                        "name": "CompanyName",
                        "type": "String"
                    },
                    {
                        "name": "CompanyLogo",
                        "type": "String"
                    },
                    {
                        "name": "ReportingCompanyLogo",
                        "type": "String"
                    }
                ],
                "typeProperties": {
                    "tableName": "[[CONFIG].[Company]"
                }
            },
            "dependsOn": []
        },
        {
            "name": "[concat(parameters('factoryName'), '/LogIngress')]",
            "type": "Microsoft.DataFactory/factories/datasets",
            "apiVersion": "2018-06-01",
            "properties": {
                "linkedServiceName": {
                    "referenceName": "tsaazbisql01",
                    "type": "LinkedServiceReference"
                },
                "annotations": [],
                "type": "AzureSqlTable",
                "structure": [
                    {
                        "name": "DDLExecutionLogID",
                        "type": "Int32"
                    },
                    {
                        "name": "DDLQueryText",
                        "type": "String"
                    },
                    {
                        "name": "DDLExecutionQueueID",
                        "type": "Int32"
                    },
                    {
                        "name": "Result",
                        "type": "String"
                    },
                    {
                        "name": "ErrorID",
                        "type": "String"
                    },
                    {
                        "name": "ErrorMessage",
                        "type": "String"
                    },
                    {
                        "name": "CreatedDT",
                        "type": "DateTime"
                    }
                ],
                "typeProperties": {
                    "tableName": "[[INTEGRATION].[ingress_DDLExecutionLog]"
                }
            },
            "dependsOn": []
        },
        {
            "name": "[concat(parameters('factoryName'), '/Log_ExecutionLog')]",
            "type": "Microsoft.DataFactory/factories/datasets",
            "apiVersion": "2018-06-01",
            "properties": {
                "linkedServiceName": {
                    "referenceName": "TSABISQL02_STAGSSIS_DataManager_Local",
                    "type": "LinkedServiceReference"
                },
                "annotations": [],
                "type": "SqlServerTable",
                "structure": [
                    {
                        "name": "DDLExecutionLogID",
                        "type": "Int32"
                    },
                    {
                        "name": "DDLQueryText",
                        "type": "String"
                    },
                    {
                        "name": "DDLExecutionQueueID",
                        "type": "Int32"
                    },
                    {
                        "name": "Result",
                        "type": "String"
                    },
                    {
                        "name": "ErrorID",
                        "type": "String"
                    },
                    {
                        "name": "ErrorMessage",
                        "type": "String"
                    },
                    {
                        "name": "CreatedDT",
                        "type": "DateTime"
                    }
                ],
                "typeProperties": {
                    "tableName": "[[LOG].[DDLExecutionLog]"
                }
            },
            "dependsOn": []
        },
        {
            "name": "[concat(parameters('factoryName'), '/LoiaProcExports')]",
            "type": "Microsoft.DataFactory/factories/datasets",
            "apiVersion": "2018-06-01",
            "properties": {
                "linkedServiceName": {
                    "referenceName": "tsaazbisql01",
                    "type": "LinkedServiceReference"
                },
                "annotations": [],
                "type": "AzureSqlTable",
                "schema": [
                    {
                        "name": "LoadProcID",
                        "type": "int",
                        "precision": 10
                    },
                    {
                        "name": "LoadConfigID",
                        "type": "int",
                        "precision": 10
                    },
                    {
                        "name": "TableName",
                        "type": "varchar"
                    },
                    {
                        "name": "PScript",
                        "type": "varchar"
                    },
                    {
                        "name": "Author",
                        "type": "varchar"
                    },
                    {
                        "name": "CreatedDT",
                        "type": "datetime2",
                        "scale": 7
                    },
                    {
                        "name": "RunNumber",
                        "type": "int",
                        "precision": 10
                    },
                    {
                        "name": "IsLastRun",
                        "type": "bit"
                    },
                    {
                        "name": "Status",
                        "type": "varchar"
                    },
                    {
                        "name": "StoredProcName",
                        "type": "varchar"
                    }
                ],
                "typeProperties": {
                    "schema": "INTEGRATION",
                    "table": "ingress_vw_LoadProcExports"
                }
            },
            "dependsOn": []
        },
        {
            "name": "[concat(parameters('factoryName'), '/MASTER_SortOrders')]",
            "type": "Microsoft.DataFactory/factories/datasets",
            "apiVersion": "2018-06-01",
            "properties": {
                "linkedServiceName": {
                    "referenceName": "TSABISQL02_STAGSSIS_DataManager_Local",
                    "type": "LinkedServiceReference"
                },
                "annotations": [],
                "type": "SqlServerTable",
                "structure": [
                    {
                        "name": "SortOrderGroupName",
                        "type": "String"
                    },
                    {
                        "name": "SortOrderGroupCode",
                        "type": "String"
                    },
                    {
                        "name": "FieldID",
                        "type": "Int32"
                    },
                    {
                        "name": "FieldName",
                        "type": "String"
                    },
                    {
                        "name": "DataEntityName",
                        "type": "String"
                    },
                    {
                        "name": "SchemaName",
                        "type": "String"
                    },
                    {
                        "name": "DatabaseName",
                        "type": "String"
                    },
                    {
                        "name": "SortOrder",
                        "type": "Int32"
                    },
                    {
                        "name": "DataValue",
                        "type": "String"
                    }
                ],
                "typeProperties": {
                    "tableName": "[[MASTER].[SortOrders]"
                }
            },
            "dependsOn": []
        },
        {
            "name": "[concat(parameters('factoryName'), '/MASTER_TimeDimension')]",
            "type": "Microsoft.DataFactory/factories/datasets",
            "apiVersion": "2018-06-01",
            "properties": {
                "linkedServiceName": {
                    "referenceName": "TSABISQL02_STAGSSIS_DataManager_Local",
                    "type": "LinkedServiceReference"
                },
                "annotations": [],
                "type": "SqlServerTable",
                "structure": [
                    {
                        "name": "CalendarDate",
                        "type": "Date"
                    },
                    {
                        "name": "IsWeekend",
                        "type": "Boolean"
                    },
                    {
                        "name": "Year",
                        "type": "Int16"
                    },
                    {
                        "name": "QuarterNo",
                        "type": "Byte"
                    },
                    {
                        "name": "MonthNumber",
                        "type": "String"
                    },
                    {
                        "name": "DayofYear",
                        "type": "Int16"
                    },
                    {
                        "name": "Day",
                        "type": "Byte"
                    },
                    {
                        "name": "Week",
                        "type": "Byte"
                    },
                    {
                        "name": "DayofWeekNo",
                        "type": "Byte"
                    },
                    {
                        "name": "DayofWeek",
                        "type": "String"
                    },
                    {
                        "name": "DayofWeekAbbreviation",
                        "type": "String"
                    },
                    {
                        "name": "Month",
                        "type": "String"
                    },
                    {
                        "name": "MonthAbbreviation",
                        "type": "String"
                    },
                    {
                        "name": "FinancialYear",
                        "type": "Int32"
                    },
                    {
                        "name": "FinancialPeriodNo",
                        "type": "String"
                    },
                    {
                        "name": "YearFinancialPeriod",
                        "type": "String"
                    },
                    {
                        "name": "FinancialPeriod",
                        "type": "String"
                    },
                    {
                        "name": "FinancialQuarterNo",
                        "type": "Byte"
                    },
                    {
                        "name": "FinancialYearQuarter",
                        "type": "String"
                    },
                    {
                        "name": "FinancialQuarter",
                        "type": "String"
                    },
                    {
                        "name": "MonthBeginDate",
                        "type": "Date"
                    },
                    {
                        "name": "MonthEndDate",
                        "type": "Date"
                    },
                    {
                        "name": "WeekBeginDate",
                        "type": "Date"
                    },
                    {
                        "name": "WeekEndDate",
                        "type": "Date"
                    },
                    {
                        "name": "IsToday",
                        "type": "Boolean"
                    },
                    {
                        "name": "IsCurrentWeek",
                        "type": "Boolean"
                    },
                    {
                        "name": "IsCurrentMonth",
                        "type": "Boolean"
                    },
                    {
                        "name": "IsPublicHoliday",
                        "type": "Boolean"
                    },
                    {
                        "name": "IsSchoolHoliday",
                        "type": "Boolean"
                    },
                    {
                        "name": "IsInLast7Days",
                        "type": "Boolean"
                    },
                    {
                        "name": "IsInLast30Days",
                        "type": "Boolean"
                    },
                    {
                        "name": "IsInLast7DaysIncludingToday",
                        "type": "Boolean"
                    },
                    {
                        "name": "IsInLast30DaysIncludingToday",
                        "type": "Boolean"
                    }
                ],
                "typeProperties": {
                    "tableName": "[[MASTER].[DateDimension]"
                }
            },
            "dependsOn": []
        },
        {
            "name": "[concat(parameters('factoryName'), '/OP_DC_CrawlBatch')]",
            "type": "Microsoft.DataFactory/factories/datasets",
            "apiVersion": "2018-06-01",
            "properties": {
                "linkedServiceName": {
                    "referenceName": "TSABISQL02_STAGSSIS_DataManager_Gateway",
                    "type": "LinkedServiceReference"
                },
                "annotations": [],
                "type": "SqlServerTable",
                "schema": [
                    {
                        "name": "CrawlBatchID",
                        "type": "int",
                        "precision": 10
                    },
                    {
                        "name": "StartDT",
                        "type": "datetime2",
                        "scale": 7
                    },
                    {
                        "name": "FinishDT",
                        "type": "datetime2",
                        "scale": 7
                    },
                    {
                        "name": "IsCrawlComplete",
                        "type": "bit"
                    },
                    {
                        "name": "CrawlStatusID",
                        "type": "int",
                        "precision": 10
                    },
                    {
                        "name": "IsError",
                        "type": "bit"
                    }
                ],
                "typeProperties": {
                    "schema": "DC",
                    "table": "CrawlBatch"
                }
            },
            "dependsOn": []
        },
        {
            "name": "[concat(parameters('factoryName'), '/PROD_EMPLOIDSA')]",
            "type": "Microsoft.DataFactory/factories/datasets",
            "apiVersion": "2018-06-01",
            "properties": {
                "linkedServiceName": {
                    "referenceName": "TSABISQL02_STAGSSIS_ODSX3P",
                    "type": "LinkedServiceReference"
                },
                "annotations": [],
                "type": "SqlServerTable",
                "schema": [
                    {
                        "name": "UPDTICK_0",
                        "type": "int",
                        "precision": 10
                    },
                    {
                        "name": "CTRNUM_0",
                        "type": "nvarchar"
                    },
                    {
                        "name": "REFNUM_0",
                        "type": "nvarchar"
                    },
                    {
                        "name": "CTRDAT_0",
                        "type": "datetime",
                        "precision": 23,
                        "scale": 3
                    },
                    {
                        "name": "IRPSTRDAT_0",
                        "type": "datetime",
                        "precision": 23,
                        "scale": 3
                    },
                    {
                        "name": "IRPENDDAT_0",
                        "type": "datetime",
                        "precision": 23,
                        "scale": 3
                    },
                    {
                        "name": "TAXSTA_0",
                        "type": "tinyint",
                        "precision": 3
                    },
                    {
                        "name": "TAXDMDAMT_0",
                        "type": "decimal",
                        "precision": 16,
                        "scale": 3
                    },
                    {
                        "name": "TAXFORFLG_0",
                        "type": "tinyint",
                        "precision": 3
                    },
                    {
                        "name": "TAXCLCTYP_0",
                        "type": "tinyint",
                        "precision": 3
                    },
                    {
                        "name": "TAXLEGRET_0",
                        "type": "tinyint",
                        "precision": 3
                    },
                    {
                        "name": "TAXDIRNUM_0",
                        "type": "nvarchar"
                    },
                    {
                        "name": "TAXDIRPRC_0",
                        "type": "decimal",
                        "precision": 9,
                        "scale": 5
                    },
                    {
                        "name": "TAXDIRAMT_0",
                        "type": "decimal",
                        "precision": 16,
                        "scale": 3
                    },
                    {
                        "name": "TAXWTHSHR_0",
                        "type": "tinyint",
                        "precision": 3
                    },
                    {
                        "name": "UIFSTA_0",
                        "type": "tinyint",
                        "precision": 3
                    },
                    {
                        "name": "NONQLFEMP_0",
                        "type": "tinyint",
                        "precision": 3
                    },
                    {
                        "name": "ETICLCTYP_0",
                        "type": "tinyint",
                        "precision": 3
                    },
                    {
                        "name": "ETISTA_0",
                        "type": "tinyint",
                        "precision": 3
                    },
                    {
                        "name": "SICSUBCLS_0",
                        "type": "int",
                        "precision": 10
                    },
                    {
                        "name": "SEZCOD_0",
                        "type": "nvarchar"
                    },
                    {
                        "name": "OCPLEV_0",
                        "type": "tinyint",
                        "precision": 3
                    },
                    {
                        "name": "OFOCOD_0",
                        "type": "nvarchar"
                    },
                    {
                        "name": "EQUEMPTYP_0",
                        "type": "tinyint",
                        "precision": 3
                    },
                    {
                        "name": "LNRSKL_0",
                        "type": "tinyint",
                        "precision": 3
                    },
                    {
                        "name": "MANIRP_0",
                        "type": "tinyint",
                        "precision": 3
                    },
                    {
                        "name": "CREDATTIM_0",
                        "type": "datetime",
                        "precision": 23,
                        "scale": 3
                    },
                    {
                        "name": "UPDDATTIM_0",
                        "type": "datetime",
                        "precision": 23,
                        "scale": 3
                    },
                    {
                        "name": "AUUID_0",
                        "type": "binary"
                    },
                    {
                        "name": "CREUSR_0",
                        "type": "nvarchar"
                    },
                    {
                        "name": "UPDUSR_0",
                        "type": "nvarchar"
                    },
                    {
                        "name": "OIDFLG_0",
                        "type": "tinyint",
                        "precision": 3
                    },
                    {
                        "name": "NBRADD_0",
                        "type": "smallint",
                        "precision": 5
                    },
                    {
                        "name": "ADDPRI_0",
                        "type": "smallint",
                        "precision": 5
                    },
                    {
                        "name": "ADDPRI_1",
                        "type": "smallint",
                        "precision": 5
                    },
                    {
                        "name": "ADDPRI_2",
                        "type": "smallint",
                        "precision": 5
                    },
                    {
                        "name": "ADDTYP_0",
                        "type": "tinyint",
                        "precision": 3
                    },
                    {
                        "name": "ADDTYP_1",
                        "type": "tinyint",
                        "precision": 3
                    },
                    {
                        "name": "ADDTYP_2",
                        "type": "tinyint",
                        "precision": 3
                    },
                    {
                        "name": "ADDSRVTYP_0",
                        "type": "tinyint",
                        "precision": 3
                    },
                    {
                        "name": "ADDSRVTYP_1",
                        "type": "tinyint",
                        "precision": 3
                    },
                    {
                        "name": "ADDSRVTYP_2",
                        "type": "tinyint",
                        "precision": 3
                    },
                    {
                        "name": "ADDPOSOTH_0",
                        "type": "nvarchar"
                    },
                    {
                        "name": "ADDPOSOTH_1",
                        "type": "nvarchar"
                    },
                    {
                        "name": "ADDPOSOTH_2",
                        "type": "nvarchar"
                    },
                    {
                        "name": "ADDPOSNUM_0",
                        "type": "nvarchar"
                    },
                    {
                        "name": "ADDPOSNUM_1",
                        "type": "nvarchar"
                    },
                    {
                        "name": "ADDPOSNUM_2",
                        "type": "nvarchar"
                    },
                    {
                        "name": "ADDPOSNAM_0",
                        "type": "nvarchar"
                    },
                    {
                        "name": "ADDPOSNAM_1",
                        "type": "nvarchar"
                    },
                    {
                        "name": "ADDPOSNAM_2",
                        "type": "nvarchar"
                    },
                    {
                        "name": "ADDPOSAGN_0",
                        "type": "nvarchar"
                    },
                    {
                        "name": "ADDPOSAGN_1",
                        "type": "nvarchar"
                    },
                    {
                        "name": "ADDPOSAGN_2",
                        "type": "nvarchar"
                    },
                    {
                        "name": "ADDPOSCOF_0",
                        "type": "tinyint",
                        "precision": 3
                    },
                    {
                        "name": "ADDPOSCOF_1",
                        "type": "tinyint",
                        "precision": 3
                    },
                    {
                        "name": "ADDPOSCOF_2",
                        "type": "tinyint",
                        "precision": 3
                    },
                    {
                        "name": "ADDPOSINM_0",
                        "type": "nvarchar"
                    },
                    {
                        "name": "ADDPOSINM_1",
                        "type": "nvarchar"
                    },
                    {
                        "name": "ADDPOSINM_2",
                        "type": "nvarchar"
                    },
                    {
                        "name": "ADDCPX_0",
                        "type": "nvarchar"
                    },
                    {
                        "name": "ADDCPX_1",
                        "type": "nvarchar"
                    },
                    {
                        "name": "ADDCPX_2",
                        "type": "nvarchar"
                    },
                    {
                        "name": "ADDSTRNUM_0",
                        "type": "nvarchar"
                    },
                    {
                        "name": "ADDSTRNUM_1",
                        "type": "nvarchar"
                    },
                    {
                        "name": "ADDSTRNUM_2",
                        "type": "nvarchar"
                    },
                    {
                        "name": "ADDSTRNAM_0",
                        "type": "nvarchar"
                    },
                    {
                        "name": "ADDSTRNAM_1",
                        "type": "nvarchar"
                    },
                    {
                        "name": "ADDSTRNAM_2",
                        "type": "nvarchar"
                    },
                    {
                        "name": "ADDSUB_0",
                        "type": "nvarchar"
                    },
                    {
                        "name": "ADDSUB_1",
                        "type": "nvarchar"
                    },
                    {
                        "name": "ADDSUB_2",
                        "type": "nvarchar"
                    },
                    {
                        "name": "ADDTWN_0",
                        "type": "nvarchar"
                    },
                    {
                        "name": "ADDTWN_1",
                        "type": "nvarchar"
                    },
                    {
                        "name": "ADDTWN_2",
                        "type": "nvarchar"
                    },
                    {
                        "name": "ADDPOSCDE_0",
                        "type": "nvarchar"
                    },
                    {
                        "name": "ADDPOSCDE_1",
                        "type": "nvarchar"
                    },
                    {
                        "name": "ADDPOSCDE_2",
                        "type": "nvarchar"
                    },
                    {
                        "name": "ADDCNTCDE_0",
                        "type": "nvarchar"
                    },
                    {
                        "name": "ADDCNTCDE_1",
                        "type": "nvarchar"
                    },
                    {
                        "name": "ADDCNTCDE_2",
                        "type": "nvarchar"
                    },
                    {
                        "name": "ADDPRV_0",
                        "type": "nvarchar"
                    },
                    {
                        "name": "ADDPRV_1",
                        "type": "nvarchar"
                    },
                    {
                        "name": "ADDPRV_2",
                        "type": "nvarchar"
                    },
                    {
                        "name": "ADDCOR_0",
                        "type": "tinyint",
                        "precision": 3
                    },
                    {
                        "name": "ADDCOR_1",
                        "type": "tinyint",
                        "precision": 3
                    },
                    {
                        "name": "ADDCOR_2",
                        "type": "tinyint",
                        "precision": 3
                    },
                    {
                        "name": "ADDSTA_0",
                        "type": "tinyint",
                        "precision": 3
                    },
                    {
                        "name": "ADDSTA_1",
                        "type": "tinyint",
                        "precision": 3
                    },
                    {
                        "name": "ADDSTA_2",
                        "type": "tinyint",
                        "precision": 3
                    },
                    {
                        "name": "ROWID",
                        "type": "decimal",
                        "precision": 38,
                        "scale": 0
                    }
                ],
                "typeProperties": {
                    "schema": "PROD",
                    "table": "EMPLOIDSA"
                }
            },
            "dependsOn": []
        }
    ]
}