{
    "$schema": "http://schema.management.azure.com/schemas/2015-01-01/deploymentTemplate.json#",
    "contentVersion": "1.0.0.0",
    "parameters": {
        "factoryName": {
            "type": "string",
            "metadata": "Data Factory name",
            "defaultValue": "TSAADFPROD01"
        },
        "AZ_TSAAZBISQL01_DM_COMPARE_connectionString": {
            "type": "secureString",
            "metadata": "Secure string for 'connectionString' of 'AZ_TSAAZBISQL01_DM_COMPARE'"
        },
        "KEVRO_LinkedService_connectionString": {
            "type": "secureString",
            "metadata": "Secure string for 'connectionString' of 'KEVRO_LinkedService'"
        },
        "SAPPO_LinkedService_connectionString": {
            "type": "secureString",
            "metadata": "Secure string for 'connectionString' of 'SAPPO_LinkedService'"
        },
        "TSABISQL02_STAGSSIS_DataManager_Gateway_connectionString": {
            "type": "secureString",
            "metadata": "Secure string for 'connectionString' of 'TSABISQL02_STAGSSIS_DataManager_Gateway'"
        },
        "TSABISQL02_STAGSSIS_DataManager_Gateway_password": {
            "type": "secureString",
            "metadata": "Secure string for 'password' of 'TSABISQL02_STAGSSIS_DataManager_Gateway'"
        },
        "TSABISQL02_STAGSSIS_DataManager_Local_connectionString": {
            "type": "secureString",
            "metadata": "Secure string for 'connectionString' of 'TSABISQL02_STAGSSIS_DataManager_Local'"
        },
        "TSABISQL02_STAGSSIS_DataManager_Local_password": {
            "type": "secureString",
            "metadata": "Secure string for 'password' of 'TSABISQL02_STAGSSIS_DataManager_Local'"
        },
        "TSABISQL02_STAGSSIS_DataVault_connectionString": {
            "type": "secureString",
            "metadata": "Secure string for 'connectionString' of 'TSABISQL02_STAGSSIS_DataVault'"
        },
        "TSABISQL02_STAGSSIS_DataVault_password": {
            "type": "secureString",
            "metadata": "Secure string for 'password' of 'TSABISQL02_STAGSSIS_DataVault'"
        },
        "TSABISQL02_STAGSSIS_MetricsVault_connectionString": {
            "type": "secureString",
            "metadata": "Secure string for 'connectionString' of 'TSABISQL02_STAGSSIS_MetricsVault'"
        },
        "TSABISQL02_STAGSSIS_MetricsVault_password": {
            "type": "secureString",
            "metadata": "Secure string for 'password' of 'TSABISQL02_STAGSSIS_MetricsVault'"
        },
        "TSABISQL02_STAGSSIS_ODSX3P_connectionString": {
            "type": "secureString",
            "metadata": "Secure string for 'connectionString' of 'TSABISQL02_STAGSSIS_ODSX3P'"
        },
        "TSABISQL02_STAGSSIS_ODSX3P_password": {
            "type": "secureString",
            "metadata": "Secure string for 'password' of 'TSABISQL02_STAGSSIS_ODSX3P'"
        },
        "TSABISQL02_STAGSSIS_STAGEAREA_connectionString": {
            "type": "secureString",
            "metadata": "Secure string for 'connectionString' of 'TSABISQL02_STAGSSIS_STAGEAREA'"
        },
        "TSABISQL02_STAGSSIS_STAGEAREA_password": {
            "type": "secureString",
            "metadata": "Secure string for 'password' of 'TSABISQL02_STAGSSIS_STAGEAREA'"
        },
        "TSABISQL02_StageArea_connectionString": {
            "type": "secureString",
            "metadata": "Secure string for 'connectionString' of 'TSABISQL02_StageArea'"
        },
        "Tourvest_LinkedService_connectionString": {
            "type": "secureString",
            "metadata": "Secure string for 'connectionString' of 'Tourvest_LinkedService'"
        },
        "aidatabase_connectionString": {
            "type": "secureString",
            "metadata": "Secure string for 'connectionString' of 'aidatabase'"
        },
        "tsaazbisql01_connectionString": {
            "type": "secureString",
            "metadata": "Secure string for 'connectionString' of 'tsaazbisql01'"
        },
        "TSABISQL02_STAGSSIS_DataManager_Gateway_properties_typeProperties_userName": {
            "type": "string",
            "defaultValue": "pbissis@tharisa.com"
        },
        "TSABISQL02_STAGSSIS_DataManager_Local_properties_typeProperties_userName": {
            "type": "string",
            "defaultValue": "pbissis@tharisa.com"
        },
        "TSABISQL02_STAGSSIS_DataVault_properties_typeProperties_userName": {
            "type": "string",
            "defaultValue": "pbissis@tharisa.com"
        },
        "TSABISQL02_STAGSSIS_MetricsVault_properties_typeProperties_userName": {
            "type": "string",
            "defaultValue": "pbissis@tharisa.com"
        },
        "TSABISQL02_STAGSSIS_ODSX3P_properties_typeProperties_userName": {
            "type": "string",
            "defaultValue": "Tharisa\\phorn"
        },
        "TSABISQL02_STAGSSIS_STAGEAREA_properties_typeProperties_userName": {
            "type": "string",
            "defaultValue": "pbissis@tharisa.com"
        },
        "TSAADFPROD01_properties_typeProperties_linkedInfo_resourceId": {
            "type": "string",
            "defaultValue": "/subscriptions/1b885f11-2db2-459f-a111-f6c3535c429a/resourcegroups/RG-TharisaDataEnablement/providers/Microsoft.DataFactory/factories/TSAADF01/integrationruntimes/TSAADFIR01"
        },
        "containerUri": {
            "type": "string",
            "metadata": "URI to storage account containing linked ARM templates"
        },
        "containerSasToken": {
            "type": "string",
            "metadata": "Sas token to storage account containing linked ARM templates"
        }
    },
    "variables": {
        "factoryId": "[concat('Microsoft.DataFactory/factories/', parameters('factoryName'))]"
    },
    "resources": [
        {
            "name": "TSAADFPROD01_ArmTemplate_0",
            "type": "Microsoft.Resources/deployments",
            "apiVersion": "2018-02-01",
            "properties": {
                "mode": "incremental",
                "templateLink": {
                    "uri": "[concat(parameters('containerUri'), '/ArmTemplate_0.json', parameters('containerSasToken'))]",
                    "contentVersion": "1.0.0.0"
                },
                "parameters": {
                    "factoryName": {
                        "value": "[parameters('factoryName')]"
                    },
                    "AZ_TSAAZBISQL01_DM_COMPARE_connectionString": {
                        "value": "[parameters('AZ_TSAAZBISQL01_DM_COMPARE_connectionString')]"
                    },
                    "KEVRO_LinkedService_connectionString": {
                        "value": "[parameters('KEVRO_LinkedService_connectionString')]"
                    },
                    "SAPPO_LinkedService_connectionString": {
                        "value": "[parameters('SAPPO_LinkedService_connectionString')]"
                    },
                    "TSABISQL02_StageArea_connectionString": {
                        "value": "[parameters('TSABISQL02_StageArea_connectionString')]"
                    },
                    "Tourvest_LinkedService_connectionString": {
                        "value": "[parameters('Tourvest_LinkedService_connectionString')]"
                    },
                    "aidatabase_connectionString": {
                        "value": "[parameters('aidatabase_connectionString')]"
                    },
                    "TSABISQL02_STAGSSIS_DataManager_Gateway_connectionString": {
                        "value": "[parameters('TSABISQL02_STAGSSIS_DataManager_Gateway_connectionString')]"
                    },
                    "TSABISQL02_STAGSSIS_DataManager_Gateway_password": {
                        "value": "[parameters('TSABISQL02_STAGSSIS_DataManager_Gateway_password')]"
                    },
                    "TSABISQL02_STAGSSIS_DataManager_Local_connectionString": {
                        "value": "[parameters('TSABISQL02_STAGSSIS_DataManager_Local_connectionString')]"
                    },
                    "TSABISQL02_STAGSSIS_DataManager_Local_password": {
                        "value": "[parameters('TSABISQL02_STAGSSIS_DataManager_Local_password')]"
                    },
                    "TSABISQL02_STAGSSIS_DataVault_connectionString": {
                        "value": "[parameters('TSABISQL02_STAGSSIS_DataVault_connectionString')]"
                    },
                    "TSABISQL02_STAGSSIS_DataVault_password": {
                        "value": "[parameters('TSABISQL02_STAGSSIS_DataVault_password')]"
                    },
                    "TSABISQL02_STAGSSIS_MetricsVault_connectionString": {
                        "value": "[parameters('TSABISQL02_STAGSSIS_MetricsVault_connectionString')]"
                    },
                    "TSABISQL02_STAGSSIS_MetricsVault_password": {
                        "value": "[parameters('TSABISQL02_STAGSSIS_MetricsVault_password')]"
                    },
                    "TSABISQL02_STAGSSIS_ODSX3P_connectionString": {
                        "value": "[parameters('TSABISQL02_STAGSSIS_ODSX3P_connectionString')]"
                    },
                    "TSABISQL02_STAGSSIS_ODSX3P_password": {
                        "value": "[parameters('TSABISQL02_STAGSSIS_ODSX3P_password')]"
                    },
                    "TSABISQL02_STAGSSIS_STAGEAREA_connectionString": {
                        "value": "[parameters('TSABISQL02_STAGSSIS_STAGEAREA_connectionString')]"
                    },
                    "TSABISQL02_STAGSSIS_STAGEAREA_password": {
                        "value": "[parameters('TSABISQL02_STAGSSIS_STAGEAREA_password')]"
                    },
                    "TSAADFPROD01_properties_typeProperties_linkedInfo_resourceId": {
                        "value": "[parameters('TSAADFPROD01_properties_typeProperties_linkedInfo_resourceId')]"
                    },
                    "TSABISQL02_STAGSSIS_DataManager_Gateway_properties_typeProperties_userName": {
                        "value": "[parameters('TSABISQL02_STAGSSIS_DataManager_Gateway_properties_typeProperties_userName')]"
                    },
                    "TSABISQL02_STAGSSIS_DataManager_Local_properties_typeProperties_userName": {
                        "value": "[parameters('TSABISQL02_STAGSSIS_DataManager_Local_properties_typeProperties_userName')]"
                    },
                    "TSABISQL02_STAGSSIS_DataVault_properties_typeProperties_userName": {
                        "value": "[parameters('TSABISQL02_STAGSSIS_DataVault_properties_typeProperties_userName')]"
                    },
                    "TSABISQL02_STAGSSIS_MetricsVault_properties_typeProperties_userName": {
                        "value": "[parameters('TSABISQL02_STAGSSIS_MetricsVault_properties_typeProperties_userName')]"
                    },
                    "TSABISQL02_STAGSSIS_ODSX3P_properties_typeProperties_userName": {
                        "value": "[parameters('TSABISQL02_STAGSSIS_ODSX3P_properties_typeProperties_userName')]"
                    },
                    "TSABISQL02_STAGSSIS_STAGEAREA_properties_typeProperties_userName": {
                        "value": "[parameters('TSABISQL02_STAGSSIS_STAGEAREA_properties_typeProperties_userName')]"
                    }
                }
            },
            "dependsOn": []
        },
        {
            "name": "TSAADFPROD01_ArmTemplate_1",
            "type": "Microsoft.Resources/deployments",
            "apiVersion": "2018-02-01",
            "properties": {
                "mode": "incremental",
                "templateLink": {
                    "uri": "[concat(parameters('containerUri'), '/ArmTemplate_1.json', parameters('containerSasToken'))]",
                    "contentVersion": "1.0.0.0"
                },
                "parameters": {
                    "factoryName": {
                        "value": "[parameters('factoryName')]"
                    },
                    "tsaazbisql01_connectionString": {
                        "value": "[parameters('tsaazbisql01_connectionString')]"
                    }
                }
            },
            "dependsOn": [
                "[resourceId('Microsoft.Resources/deployments', 'TSAADFPROD01_ArmTemplate_0')]"
            ]
        },
        {
            "name": "TSAADFPROD01_ArmTemplate_2",
            "type": "Microsoft.Resources/deployments",
            "apiVersion": "2018-02-01",
            "properties": {
                "mode": "incremental",
                "templateLink": {
                    "uri": "[concat(parameters('containerUri'), '/ArmTemplate_2.json', parameters('containerSasToken'))]",
                    "contentVersion": "1.0.0.0"
                },
                "parameters": {
                    "factoryName": {
                        "value": "[parameters('factoryName')]"
                    }
                }
            },
            "dependsOn": [
                "[resourceId('Microsoft.Resources/deployments', 'TSAADFPROD01_ArmTemplate_1')]"
            ]
        },
        {
            "name": "TSAADFPROD01_ArmTemplate_3",
            "type": "Microsoft.Resources/deployments",
            "apiVersion": "2018-02-01",
            "properties": {
                "mode": "incremental",
                "templateLink": {
                    "uri": "[concat(parameters('containerUri'), '/ArmTemplate_3.json', parameters('containerSasToken'))]",
                    "contentVersion": "1.0.0.0"
                },
                "parameters": {
                    "factoryName": {
                        "value": "[parameters('factoryName')]"
                    }
                }
            },
            "dependsOn": [
                "[resourceId('Microsoft.Resources/deployments', 'TSAADFPROD01_ArmTemplate_2')]"
            ]
        },
        {
            "name": "TSAADFPROD01_ArmTemplate_4",
            "type": "Microsoft.Resources/deployments",
            "apiVersion": "2018-02-01",
            "properties": {
                "mode": "incremental",
                "templateLink": {
                    "uri": "[concat(parameters('containerUri'), '/ArmTemplate_4.json', parameters('containerSasToken'))]",
                    "contentVersion": "1.0.0.0"
                },
                "parameters": {
                    "factoryName": {
                        "value": "[parameters('factoryName')]"
                    }
                }
            },
            "dependsOn": [
                "[resourceId('Microsoft.Resources/deployments', 'TSAADFPROD01_ArmTemplate_3')]"
            ]
        },
        {
            "name": "TSAADFPROD01_ArmTemplate_5",
            "type": "Microsoft.Resources/deployments",
            "apiVersion": "2018-02-01",
            "properties": {
                "mode": "incremental",
                "templateLink": {
                    "uri": "[concat(parameters('containerUri'), '/ArmTemplate_5.json', parameters('containerSasToken'))]",
                    "contentVersion": "1.0.0.0"
                },
                "parameters": {
                    "factoryName": {
                        "value": "[parameters('factoryName')]"
                    }
                }
            },
            "dependsOn": [
                "[resourceId('Microsoft.Resources/deployments', 'TSAADFPROD01_ArmTemplate_4')]"
            ]
        }
    ]
}