{
    "$schema": "https://schema.management.azure.com/schemas/2015-01-01/deploymentParameters.json#",
    "contentVersion": "1.0.0.0",
    "parameters": {
        "factoryName": {
            "value": "TSAADFPROD01"
        },
        "AZ_TSAAZBISQL01_DM_COMPARE_connectionString": {
            "value": ""
        },
        "KEVRO_LinkedService_connectionString": {
            "value": ""
        },
        "SAPPO_LinkedService_connectionString": {
            "value": ""
        },
        "TSABISQL02_STAGSSIS_DataManager_Gateway_connectionString": {
            "value": ""
        },
        "TSABISQL02_STAGSSIS_DataManager_Gateway_password": {
            "value": ""
        },
        "TSABISQL02_STAGSSIS_DataManager_Local_connectionString": {
            "value": ""
        },
        "TSABISQL02_STAGSSIS_DataManager_Local_password": {
            "value": ""
        },
        "TSABISQL02_STAGSSIS_DataVault_connectionString": {
            "value": ""
        },
        "TSABISQL02_STAGSSIS_DataVault_password": {
            "value": ""
        },
        "TSABISQL02_STAGSSIS_MetricsVault_connectionString": {
            "value": ""
        },
        "TSABISQL02_STAGSSIS_MetricsVault_password": {
            "value": ""
        },
        "TSABISQL02_STAGSSIS_ODSX3P_connectionString": {
            "value": ""
        },
        "TSABISQL02_STAGSSIS_ODSX3P_password": {
            "value": ""
        },
        "TSABISQL02_STAGSSIS_STAGEAREA_connectionString": {
            "value": ""
        },
        "TSABISQL02_STAGSSIS_STAGEAREA_password": {
            "value": ""
        },
        "TSABISQL02_StageArea_connectionString": {
            "value": ""
        },
        "Tourvest_LinkedService_connectionString": {
            "value": ""
        },
        "aidatabase_connectionString": {
            "value": ""
        },
        "tsaazbisql01_connectionString": {
            "value": ""
        },
        "TSABISQL02_STAGSSIS_DataManager_Gateway_properties_typeProperties_userName": {
            "value": "pbissis@tharisa.com"
        },
        "TSABISQL02_STAGSSIS_DataManager_Local_properties_typeProperties_userName": {
            "value": "pbissis@tharisa.com"
        },
        "TSABISQL02_STAGSSIS_DataVault_properties_typeProperties_userName": {
            "value": "pbissis@tharisa.com"
        },
        "TSABISQL02_STAGSSIS_MetricsVault_properties_typeProperties_userName": {
            "value": "pbissis@tharisa.com"
        },
        "TSABISQL02_STAGSSIS_ODSX3P_properties_typeProperties_userName": {
            "value": "Tharisa\\phorn"
        },
        "TSABISQL02_STAGSSIS_STAGEAREA_properties_typeProperties_userName": {
            "value": "pbissis@tharisa.com"
        },
        "TSAADFPROD01_properties_typeProperties_linkedInfo_resourceId": {
            "value": "/subscriptions/1b885f11-2db2-459f-a111-f6c3535c429a/resourcegroups/RG-TharisaDataEnablement/providers/Microsoft.DataFactory/factories/TSAADF01/integrationruntimes/TSAADFIR01"
        }
    }
}