{
    "$schema": "http://schema.management.azure.com/schemas/2015-01-01/deploymentTemplate.json#",
    "contentVersion": "1.0.0.0",
    "parameters": {
        "factoryName": {
            "type": "string",
            "metadata": "Data Factory name",
            "defaultValue": "KevroDataFactory02"
        },
        "SourceTableCheck-1h_properties_CheckSourceTableRowCount_parameters_UpperLimitDate": {
            "type": "string",
            "defaultValue": "2019-12-08T08:00:00Z"
        }
    },
    "variables": {
        "factoryId": "[concat('Microsoft.DataFactory/factories/', parameters('factoryName'))]"
    },
    "resources": [
        {
            "name": "[concat(parameters('factoryName'), '/Cloud ODS Daily Load - 1800h  0600h')]",
            "type": "Microsoft.DataFactory/factories/triggers",
            "apiVersion": "2018-06-01",
            "properties": {
                "description": "Main daily run - Do not change ",
                "annotations": [],
                "runtimeState": "Stopped",
                "pipelines": [
                    {
                        "pipelineReference": {
                            "referenceName": "Cloud ODS PROD",
                            "type": "PipelineReference"
                        },
                        "parameters": {}
                    }
                ],
                "type": "ScheduleTrigger",
                "typeProperties": {
                    "recurrence": {
                        "frequency": "Day",
                        "interval": 1,
                        "startTime": "2019-10-08T16:00:00Z",
                        "timeZone": "UTC",
                        "schedule": {}
                    }
                }
            },
            "dependsOn": []
        },
        {
            "name": "[concat(parameters('factoryName'), '/CopyTest1_ToFS - 2200h')]",
            "type": "Microsoft.DataFactory/factories/triggers",
            "apiVersion": "2018-06-01",
            "properties": {
                "description": "Copy sales_detail_order from MySQL to FS DB",
                "annotations": [],
                "runtimeState": "Stopped",
                "pipelines": [
                    {
                        "pipelineReference": {
                            "referenceName": "DuplicateTestPipeToFS",
                            "type": "PipelineReference"
                        },
                        "parameters": {}
                    }
                ],
                "type": "ScheduleTrigger",
                "typeProperties": {
                    "recurrence": {
                        "frequency": "Day",
                        "interval": 1,
                        "startTime": "2019-10-09T20:00:00Z",
                        "endTime": "2019-10-10T09:00:00Z",
                        "timeZone": "UTC",
                        "schedule": {}
                    }
                }
            },
            "dependsOn": []
        },
        {
            "name": "[concat(parameters('factoryName'), '/CopyTest2_ToODS - 1800h')]",
            "type": "Microsoft.DataFactory/factories/triggers",
            "apiVersion": "2018-06-01",
            "properties": {
                "description": "Copy sales_detail_order from MySQL to MI ODS_EMS",
                "annotations": [],
                "runtimeState": "Stopped",
                "pipelines": [
                    {
                        "pipelineReference": {
                            "referenceName": "DuplicateTestPipeToKevro",
                            "type": "PipelineReference"
                        },
                        "parameters": {}
                    }
                ],
                "type": "ScheduleTrigger",
                "typeProperties": {
                    "recurrence": {
                        "frequency": "Day",
                        "interval": 1,
                        "startTime": "2019-10-09T18:00:00Z",
                        "endTime": "2019-10-10T09:00:00Z",
                        "timeZone": "UTC",
                        "schedule": {}
                    }
                }
            },
            "dependsOn": []
        },
        {
            "name": "[concat(parameters('factoryName'), '/Interval_Run - 02h00')]",
            "type": "Microsoft.DataFactory/factories/triggers",
            "apiVersion": "2018-06-01",
            "properties": {
                "description": "Run pipe for each load - intervals of 10 min",
                "annotations": [],
                "runtimeState": "Stopped",
                "pipelines": [
                    {
                        "pipelineReference": {
                            "referenceName": "Cloud ODS PROD",
                            "type": "PipelineReference"
                        },
                        "parameters": {}
                    }
                ],
                "type": "ScheduleTrigger",
                "typeProperties": {
                    "recurrence": {
                        "frequency": "Minute",
                        "interval": 10,
                        "startTime": "2019-10-17T00:02:00Z",
                        "endTime": "2019-10-18T05:00:00Z",
                        "timeZone": "UTC"
                    }
                }
            },
            "dependsOn": []
        },
        {
            "name": "[concat(parameters('factoryName'), '/WithHistory_DailyLoad 18h00')]",
            "type": "Microsoft.DataFactory/factories/triggers",
            "apiVersion": "2018-06-01",
            "properties": {
                "description": "Run the WithHistory loads daily at 18:00",
                "annotations": [],
                "runtimeState": "Stopped",
                "pipelines": [
                    {
                        "pipelineReference": {
                            "referenceName": "Cloud ODS PROD - WithHistory",
                            "type": "PipelineReference"
                        },
                        "parameters": {}
                    }
                ],
                "type": "ScheduleTrigger",
                "typeProperties": {
                    "recurrence": {
                        "frequency": "Day",
                        "interval": 1,
                        "startTime": "2019-10-21T04:00:00Z",
                        "timeZone": "UTC",
                        "schedule": {}
                    }
                }
            },
            "dependsOn": []
        },
        {
            "name": "[concat(parameters('factoryName'), '/Trigger All Loads 18h00 daily')]",
            "type": "Microsoft.DataFactory/factories/triggers",
            "apiVersion": "2018-06-01",
            "properties": {
                "annotations": [],
                "runtimeState": "Stopped",
                "pipelines": [
                    {
                        "pipelineReference": {
                            "referenceName": "Cloud ODS PROD - NoHistory",
                            "type": "PipelineReference"
                        },
                        "parameters": {}
                    },
                    {
                        "pipelineReference": {
                            "referenceName": "Cloud ODS PROD - Full",
                            "type": "PipelineReference"
                        },
                        "parameters": {}
                    },
                    {
                        "pipelineReference": {
                            "referenceName": "Cloud ODS PROD - Offset",
                            "type": "PipelineReference"
                        },
                        "parameters": {}
                    },
                    {
                        "pipelineReference": {
                            "referenceName": "Cloud ODS PROD - WithHistory",
                            "type": "PipelineReference"
                        },
                        "parameters": {}
                    }
                ],
                "type": "ScheduleTrigger",
                "typeProperties": {
                    "recurrence": {
                        "frequency": "Day",
                        "interval": 1,
                        "startTime": "2019-10-29T15:48:00Z",
                        "timeZone": "UTC",
                        "schedule": {
                            "minutes": [
                                30
                            ],
                            "hours": [
                                15
                            ]
                        }
                    }
                }
            },
            "dependsOn": []
        },
        {
            "name": "[concat(parameters('factoryName'), '/SourceTableCheck-1h')]",
            "type": "Microsoft.DataFactory/factories/triggers",
            "apiVersion": "2018-06-01",
            "properties": {
                "description": "Run the Source Check Table Count every 1h",
                "annotations": [],
                "runtimeState": "Stopped",
                "pipelines": [
                    {
                        "pipelineReference": {
                            "referenceName": "CheckSourceTableRowCount",
                            "type": "PipelineReference"
                        },
                        "parameters": {
                            "UpperLimitDate": "[parameters('SourceTableCheck-1h_properties_CheckSourceTableRowCount_parameters_UpperLimitDate')]"
                        }
                    }
                ],
                "type": "ScheduleTrigger",
                "typeProperties": {
                    "recurrence": {
                        "frequency": "Hour",
                        "interval": 1,
                        "startTime": "2019-12-05T20:09:00Z",
                        "timeZone": "UTC"
                    }
                }
            },
            "dependsOn": []
        },
        {
            "name": "[concat(parameters('factoryName'), '/SourceTableCheck-2min')]",
            "type": "Microsoft.DataFactory/factories/triggers",
            "apiVersion": "2018-06-01",
            "properties": {
                "description": "Run the Source Check Table Count every 3min",
                "annotations": [],
                "runtimeState": "Stopped",
                "pipelines": [
                    {
                        "pipelineReference": {
                            "referenceName": "CheckSourceTableRowCount",
                            "type": "PipelineReference"
                        },
                        "parameters": {}
                    }
                ],
                "type": "ScheduleTrigger",
                "typeProperties": {
                    "recurrence": {
                        "frequency": "Minute",
                        "interval": 2,
                        "startTime": "2019-12-06T08:00:00Z",
                        "timeZone": "UTC"
                    }
                }
            },
            "dependsOn": []
        }
    ]
}