{
  "name": "EnrichedGameEventsTable",
  "properties": {
    "structure": [
      {
        "name": "ProfileID",
        "type": "String"
      },
      {
        "name": "SessionStart",
        "type": "String"
      },
      {
        "name": "Duration",
        "type": "Int"
      },
      {
        "name": "State",
        "type": "String"
      },
      {
        "name": "SrcIPAddress",
        "type": "String"
      },
      {
        "name": "GameType",
        "type": "String"
      },
      {
        "name": "Multiplayer",
        "type": "String"
      },
      {
        "name": "EndRank",
        "type": "Int"
      },
      {
        "name": "WeaponsUsed",
        "type": "Int"
      },
      {
        "name": "UsersInteractedWith",
        "type": "String"
      }
    ],
    "type": "AzureBlob",
    "linkedServiceName": "StorageLinkedService",
    "typeProperties": {
      "folderPath": "adfwalkthrough/logs/enrichedgameevents/yearno={Year}/monthno={Month}/dayno={Day}/",
      "partitionedBy": [
        {
          "name": "Year",
          "value": {
            "type": "DateTime",
            "date": "SliceStart",
            "format": "yyyy"
          }
        },
        {
          "name": "Month",
          "value": {
            "type": "DateTime",
            "date": "SliceStart",
            "format": "%M"
          }
        },
        {
          "name": "Day",
          "value": {
            "type": "DateTime",
            "date": "SliceStart",
            "format": "%d"
          }
        }
      ],
      "format": {
        "type": "TextFormat",
        "columnDelimiter": ","
      }
    },
    "availability": {
      "frequency": "Day",
      "interval": 1
    }
  }
}