{
  "name": "MarketingCampaignEffectivenessSQLTable",
  "properties": {
    "structure": [
      {
        "name": "ProfileID",
        "type": "String"
      },
      {
        "name": "SessionStart",
        "type": "String"
      },
      {
        "name": "Duration",
        "type": "Int"
      },
      {
        "name": "State",
        "type": "String"
      },
      {
        "name": "SrcIPAddress",
        "type": "String"
      },
      {
        "name": "GameType",
        "type": "String"
      },
      {
        "name": "Multiplayer",
        "type": "String"
      },
      {
        "name": "EndRank",
        "type": "Int"
      },
      {
        "name": "WeaponsUsed",
        "type": "Int"
      },
      {
        "name": "UsersInteractedWith",
        "type": "String"
      },
      {
        "name": "Impressions",
        "type": "String"
      }
    ],
    "type": "AzureSqlTable",
    "linkedServiceName": "AzureSqlLinkedService",
    "typeProperties": {
      "tableName": "MarketingCampaignEffectiveness"
    },
    "availability": {
      "frequency": "Day",
      "interval": 1
    }
  }
}