{
  "name": "RawGameEventsTable",
  "properties": {
    "structure": [
      {
        "name": "ProfileID",
        "type": "String"
      },
      {
        "name": "SessionStart",
        "type": "String"
      },
      {
        "name": "Duration",
        "type": "Int"
      },
      {
        "name": "SrcIPAddress",
        "type": "String"
      },
      {
        "name": "GameType",
        "type": "String"
      },
      {
        "name": "Multiplayer",
        "type": "String"
      },
      {
        "name": "EndRank",
        "type": "Int"
      },
      {
        "name": "WeaponsUsed",
        "type": "Int"
      },
      {
        "name": "UsersInteractedWith",
        "type": "String"
      }
    ],
    "type": "AzureBlob",
    "linkedServiceName": "StorageLinkedService",
    "typeProperties": {
      "folderPath": "adfwalkthrough/logs/rawgameevents/",
      "format": {
        "type": "TextFormat",
        "columnDelimiter": ","
      }
    },
    "external": true,
    "availability": {
      "frequency": "day",
      "interval": 1
    },
    "policy": {
      "validation": {
        "validationPriorityOrder": "OldestFirst",
        "minimumSizeMB": 0.01
      }
    }
  }
}
