{
  "name": "RefGeoCodeDictionaryTable",
  "properties": {
    "structure": [
      {
        "name": "IPAddr",
        "type": "String"
      },
      {
        "name": "State",
        "type": "String"
      }
    ],
    "type": "AzureBlob",
    "linkedServiceName": "StorageLinkedService",
    "typeProperties": {
      "folderPath": "adfwalkthrough/refdata/refgeocodedictionary/",
      "format": {
        "type": "TextFormat",
        "columnDelimiter": ","
      }
    },
    "external": true,
    "availability": {
      "frequency": "day",
      "interval": 1
    },
    "policy": {
      "validation": {
        "validationPriorityOrder": "OldestFirst",
        "minimumSizeMB": 0.0001
      }
    }
  }
}
