{
  "name": "RefMarketingCampaignTable",
  "properties": {
    "structure": [
      {
        "name": "ID",
        "type": "String"
      },
      {
        "name": "Day",
        "type": "String"
      },
      {
        "name": "City",
        "type": "String"
      },
      {
        "name": "State",
        "type": "String"
      },
      {
        "name": "Type",
        "type": "String"
      },
      {
        "name": "Impressions",
        "type": "Int"
      }
    ],
    "type": "AzureBlob",
    "linkedServiceName": "StorageLinkedService",
    "typeProperties": {
      "folderPath": "adfwalkthrough/refdata/refmarketingcampaign/",
      "format": {
        "type": "TextFormat",
        "columnDelimiter": ","
      }
    },
    "external": true,
    "availability": {
      "frequency": "Day",
      "interval": 1
    },
    "policy": {
      "validation": {
        "validationPriorityOrder": "OldestFirst",
        "minimumSizeMB": 0.0001
      },
      "externalData": {
        "retryInterval": "00:01:00",
        "retryTimeout": "00:10:00",
        "maximumRetry": 3
      }
    }
  }
}
