{
    "name": "DataDownloaderSamplePipeline",
    "properties": {
        "description": "Custom Data Downloader from an HTTP EndPoint Sample Pipeline",
        "activities": [
            {
                "type": "DotNetActivity",
                "typeProperties": {
                    "assemblyName": "DataDownloaderActivity.dll",
                    "entryPoint": "DataDownloaderActivityNS.DataDownloaderActivity",
                    "packageLinkedService": "AzureStorageLinkedService",
                    "packageFile": "<blob container>/package/DataDownloaderActivity.zip",
                    "extendedProperties": {
                        "sliceStart": "$$Text.Format('{0:yyyyMMddHHmm}', Time.AddMinutes(SliceStart, 0))",
                        "urlFormat": "http://dumps.wikimedia.org/other/pagecounts-raw/{0}/{0}-{1}/pagecounts-{0}{1}{2}-{3}00{4}.gz",
                        "dataStorageAccountName": "<Azure storage account name>",
                        "dataStorageAccountKey": "<Azure storage account key>",
                        "dataStorageContainer": "<Blob container name in Azure storage>"
                    }
                },
                "outputs": [
                    {
                        "name": "OutputTable"
                    }
                ],
                "policy": {
                    "executionPriorityOrder": "OldestFirst",
                    "timeout": "00:30:00",
                    "concurrency": 2,
                    "retry": 2
                },
                "scheduler": {
                    "frequency": "Hour",
                    "interval": 1
                },
                "name": "DownloadData",
                "description": "Download raw data from an http endpoint",
                "linkedServiceName": "AzureBatchLinkedService"
            }
        ],
        "start": "2015-03-08T00:00:00Z",
        "end": "2015-03-09T00:00:00Z",
        "isPaused": false
    }
}