{
  "name": "ContosoTweetsAggSentimentBlob",
  "properties": {
    "structure": [
      {
        "name": "TweetSentimentCount",
        "position": 0,
        "type": "Int"
      },
      {
        "name": "TweetSentiment",
        "position": 1,
        "type": "String"
      }
    ],
    "type": "AzureBlob",
    "linkedServiceName": "StorageLinkedService",
    "typeProperties": {
      "folderPath": "twitteranalysis/twitter/aggregate/Sentiments/",
      "format": {
        "type": "TextFormat",
        "columnDelimiter": ","
      }
    },
    "availability": {
      "frequency": "minute",
      "interval": 15
    }
  }
}