{
    "name": "CustomerTableSQL",
    "properties": {
        "published": false,
        "type": "AzureSqlTable",
        "linkedServiceName": "AzureSqlLinkedService",
        "typeProperties": {
            "tableName": "customerinfo"
        },
        "availability": {
            "frequency": "Minute",
            "interval": 15,
            "style": "StartOfInterval"
        },
        "external": true,
        "policy": {
            "executionPriorityOrder": "OldestFirst"
        }
    }
}