{"$schema":"http://schema.management.azure.com/schemas/2015-01-01/deploymentTemplate.json#","contentVersion":"1.0.0.0","parameters":{"factoryName":{"type":"string","metadata":"Data Factory name"},"FrameworkFunctions":{"type":"string"},"SupportDatabase":{"type":"string"}},"variables":{"factoryId":"[concat('Microsoft.DataFactory/factories/', parameters('factoryName'))]"},"resources":[{"name":"[concat(parameters('factoryName'), '/04-Infant')]","type":"Microsoft.DataFactory/factories/pipelines","apiVersion":"2018-06-01","properties":{"description":"ADF.procfwk infant pipeline used to check when the processing pipeline called by the Child completes and passes the resulting status back to the metadata database.","activities":[{"name":"Wait Until Pipeline Completes","description":"Loops until the pipeline called completes.\n\nSimple status:\n- Running = new iteration.\n- Done = break.","type":"Until","dependsOn":[{"activity":"Get Wait Duration","dependencyConditions":["Succeeded"]}],"userProperties":[],"typeProperties":{"expression":{"value":"@equals('Done',activity('Get Pipeline Status').output.SimpleStatus)","type":"Expression"},"activities":[{"name":"Get Pipeline Status","description":"Checks the status of a given processing pipeline and provides the value for the downstream framework activities to act upon.","type":"AzureFunctionActivity","dependsOn":[],"policy":{"timeout":"7.00:00:00","retry":0,"retryIntervalInSeconds":30,"secureOutput":false,"secureInput":false},"userProperties":[],"typeProperties":{"functionName":"CheckPipelineStatus","method":"POST","headers":{},"body":{"value":"@concat('\n{\n    \"tenantId\": \"',pipeline().parameters.TenantId,'\",\n    \"applicationId\": \"',pipeline().parameters.applicationId,'\",\n    \"authenticationKey\": \"',pipeline().parameters.authenticationKey,'\",\n    \"subscriptionId\": \"',pipeline().parameters.subscriptionId,'\",\n    \"resourceGroup\": \"',pipeline().parameters.resourceGroup,'\",\n    \"factoryName\": \"',pipeline().parameters.factoryName,'\",\n    \"pipelineName\": \"',pipeline().parameters.pipelineName,'\",\n    \"runId\": \"',pipeline().parameters.runId,'\"\n}')","type":"Expression"}},"linkedServiceName":{"referenceName":"[parameters('FrameworkFunctions')]","type":"LinkedServiceReference"}},{"name":"Wait If Running","description":"True = Do nothing.\nFalse = Wait.","type":"IfCondition","dependsOn":[{"activity":"Get Pipeline Status","dependencyConditions":["Succeeded"]}],"userProperties":[],"typeProperties":{"expression":{"value":"@equals('Done',activity('Get Pipeline Status').output.SimpleStatus)","type":"Expression"},"ifFalseActivities":[{"name":"Wait for Pipeline","description":"The processing pipeline is still running so Wait before checking its status again.","type":"Wait","dependsOn":[],"userProperties":[],"typeProperties":{"waitTimeInSeconds":{"value":"@activity('Get Wait Duration').output.firstRow.PropertyValue","type":"Expression"}}}]}},{"name":"Set Last Check DateTime","type":"SqlServerStoredProcedure","dependsOn":[{"activity":"Get Pipeline Status","dependencyConditions":["Succeeded"]}],"policy":{"timeout":"7.00:00:00","retry":0,"retryIntervalInSeconds":30,"secureOutput":false,"secureInput":false},"userProperties":[],"typeProperties":{"storedProcedureName":"[[procfwk].[SetLogPipelineLastStatusCheck]","storedProcedureParameters":{"ExecutionId":{"value":{"value":"@pipeline().parameters.executionId","type":"Expression"},"type":"Guid"},"PipelineId":{"value":{"value":"@pipeline().parameters.pipelineId","type":"Expression"},"type":"Int32"},"StageId":{"value":{"value":"@pipeline().parameters.stageId","type":"Expression"},"type":"Int32"}}},"linkedServiceName":{"referenceName":"[parameters('SupportDatabase')]","type":"LinkedServiceReference"}},{"name":"Log Activity Failure","type":"SqlServerStoredProcedure","dependsOn":[{"activity":"Get Pipeline Status","dependencyConditions":["Failed"]}],"policy":{"timeout":"7.00:00:00","retry":0,"retryIntervalInSeconds":30,"secureOutput":false,"secureInput":false},"userProperties":[],"typeProperties":{"storedProcedureName":"[[procfwk].[SetLogActivityFailed]","storedProcedureParameters":{"CallingActivity":{"value":"GetPipelineStatus","type":"String"},"ExecutionId":{"value":{"value":"@pipeline().parameters.executionId","type":"Expression"},"type":"Guid"},"PipelineId":{"value":{"value":"@pipeline().parameters.pipelineId","type":"Expression"},"type":"Int32"},"StageId":{"value":{"value":"@pipeline().parameters.stageId","type":"Expression"},"type":"Int32"}}},"linkedServiceName":{"referenceName":"[parameters('SupportDatabase')]","type":"LinkedServiceReference"}}],"timeout":"7.00:00:00"}},{"name":"Set Pipeline Result","description":"Receives the outcome from the function execution for a given processing pipeline and updates the current execution table with different pipelines status values depending on the result (case).","type":"Switch","dependsOn":[{"activity":"Wait Until Pipeline Completes","dependencyConditions":["Completed"]}],"userProperties":[],"typeProperties":{"on":{"value":"@activity('Get Pipeline Status').output.Status","type":"Expression"},"cases":[{"value":"Succeeded","activities":[{"name":"Pipeline Status Succeeded","description":"Updates the current execution table with a pipeline status of success if the function outcome is succeeded.","type":"SqlServerStoredProcedure","dependsOn":[],"policy":{"timeout":"7.00:00:00","retry":0,"retryIntervalInSeconds":30,"secureOutput":false,"secureInput":false},"userProperties":[],"typeProperties":{"storedProcedureName":"[[procfwk].[SetLogPipelineSuccess]","storedProcedureParameters":{"ExecutionId":{"value":{"value":"@pipeline().parameters.executionId","type":"Expression"},"type":"Guid"},"PipelineId":{"value":{"value":"@pipeline().parameters.pipelineId","type":"Expression"},"type":"Int32"},"StageId":{"value":{"value":"@pipeline().parameters.stageId","type":"Expression"},"type":"Int32"}}},"linkedServiceName":{"referenceName":"[parameters('SupportDatabase')]","type":"LinkedServiceReference"}}]},{"value":"Failed","activities":[{"name":"Pipeline Status Failed","description":"Updates the current execution table with a pipeline status of failed if the function outcome is failed. Also blocks pipelines in the downstream execution stage.","type":"SqlServerStoredProcedure","dependsOn":[],"policy":{"timeout":"7.00:00:00","retry":0,"retryIntervalInSeconds":30,"secureOutput":false,"secureInput":false},"userProperties":[],"typeProperties":{"storedProcedureName":"[[procfwk].[SetLogPipelineFailed]","storedProcedureParameters":{"ExecutionId":{"value":{"value":"@pipeline().parameters.executionId","type":"Expression"},"type":"Guid"},"PipelineId":{"value":{"value":"@pipeline().parameters.pipelineId","type":"Expression"},"type":"Int32"},"RunId":{"value":{"value":"@activity('Get Pipeline Status').output.RunId","type":"Expression"},"type":"Guid"},"StageId":{"value":{"value":"@pipeline().parameters.stageId","type":"Expression"},"type":"Int32"}}},"linkedServiceName":{"referenceName":"[parameters('SupportDatabase')]","type":"LinkedServiceReference"}},{"name":"Get Error Details","description":"Get the activity error details for the run ID of the worker pipeline called. Returns an array of all errors.","type":"AzureFunctionActivity","dependsOn":[],"policy":{"timeout":"7.00:00:00","retry":0,"retryIntervalInSeconds":30,"secureOutput":false,"secureInput":false},"userProperties":[],"typeProperties":{"functionName":"GetActivityErrors","method":"POST","headers":{},"body":{"value":"@concat('\n{\n    \"tenantId\": \"',pipeline().parameters.TenantId,'\",\n    \"applicationId\": \"',pipeline().parameters.applicationId,'\",\n    \"authenticationKey\": \"',pipeline().parameters.authenticationKey,'\",\n    \"subscriptionId\": \"',pipeline().parameters.subscriptionId,'\",\n    \"resourceGroup\": \"',pipeline().parameters.resourceGroup,'\",\n    \"factoryName\": \"',pipeline().parameters.factoryName,'\",\n    \"pipelineName\": \"',pipeline().parameters.pipelineName,'\",\n    \"runId\": \"',pipeline().parameters.runId,'\"\n}')","type":"Expression"}},"linkedServiceName":{"referenceName":"[parameters('FrameworkFunctions')]","type":"LinkedServiceReference"}},{"name":"Log Error Details","description":"Parses pipeline error details and persists them to the metadata database error log table.","type":"SqlServerStoredProcedure","dependsOn":[{"activity":"Get Error Details","dependencyConditions":["Succeeded"]}],"policy":{"timeout":"7.00:00:00","retry":0,"retryIntervalInSeconds":30,"secureOutput":false,"secureInput":false},"userProperties":[],"typeProperties":{"storedProcedureName":"[[procfwk].[SetErrorLogDetails]","storedProcedureParameters":{"JsonErrorDetails":{"value":{"value":"@string(activity('Get Error Details').output)","type":"Expression"},"type":"String"},"LocalExecutionId":{"value":{"value":"@pipeline().parameters.executionId","type":"Expression"},"type":"Guid"}}},"linkedServiceName":{"referenceName":"[parameters('SupportDatabase')]","type":"LinkedServiceReference"}}]}],"defaultActivities":[{"name":"Pipeline Status Unknown","description":"Updates the current execution table with a pipeline status of unknown if the function returns an unexpected outcome.","type":"SqlServerStoredProcedure","dependsOn":[],"policy":{"timeout":"7.00:00:00","retry":0,"retryIntervalInSeconds":30,"secureOutput":false,"secureInput":false},"userProperties":[],"typeProperties":{"storedProcedureName":"[[procfwk].[SetLogPipelineUnknown]","storedProcedureParameters":{"ExecutionId":{"value":{"value":"@pipeline().parameters.executionId","type":"Expression"},"type":"Guid"},"PipelineId":{"value":{"value":"@pipeline().parameters.pipelineId","type":"Expression"},"type":"Int32"},"StageId":{"value":{"value":"@pipeline().parameters.stageId","type":"Expression"},"type":"Int32"}}},"linkedServiceName":{"referenceName":"[parameters('SupportDatabase')]","type":"LinkedServiceReference"}}]}},{"name":"Get Wait Duration","type":"Lookup","dependsOn":[],"policy":{"timeout":"7.00:00:00","retry":0,"retryIntervalInSeconds":30,"secureOutput":false,"secureInput":false},"userProperties":[],"typeProperties":{"source":{"type":"AzureSqlSource","sqlReaderStoredProcedureName":"[[procfwk].[GetPropertyValue]","storedProcedureParameters":{"PropertyName":{"type":"String","value":"PipelineStatusCheckDuration"}},"queryTimeout":"02:00:00","partitionOption":"None"}}}],"parameters":{"tenantId":{"type":"string"},"applicationId":{"type":"string"},"authenticationKey":{"type":"string"},"subscriptionId":{"type":"string"},"resourceGroup":{"type":"string"},"factoryName":{"type":"string"},"pipelineName":{"type":"string"},"runId":{"type":"string"},"executionId":{"type":"string"},"stageId":{"type":"int"},"pipelineId":{"type":"int"}},"folder":{"name":"_ProcFwk"},"annotations":["ADF.procfwk"]},"dependsOn":[]}]}