{
	"$schema": "http://schema.management.azure.com/schemas/2015-01-01/deploymentTemplate.json#",
	"contentVersion": "1.0.0.0",
	"parameters": {
		"factoryName": {
			"type": "string",
			"metadata": "Data Factory Name"
		},
		"DataSourceConnection": {
			"type": "string"
		},
		"DataDestinationConnection": {
			"type": "string"
		}		
	},
	"variables": {
		"factoryId": "[concat('Microsoft.DataFactory/factories/', parameters('factoryName'))]"
	},
	"resources": [
		{
			"name": "[concat(parameters('factoryName'), '/CopyNewFilesByLastModifiedDate')]",
			"type": "Microsoft.DataFactory/factories/pipelines",
			"apiVersion": "2018-06-01",
			"properties": {
				"description": "Copy new and changed files only by using LastModifiedDate",
				"activities": [
					{
						"name": "CopyNewFiles",
						"description": "Copy new and changed files only by using LastModifiedDate",
						"type": "Copy",
						"policy": {
							"timeout": "7.00:00:00",
							"retry": 0,
							"retryIntervalInSeconds": 30,
							"secureOutput": false,
							"secureInput": false
						},
						"typeProperties": {
							"source": {
								"type": "BlobSource",
								"recursive": true
							},
							"sink": {
								"type": "BlobSink"
							},
							"enableStaging": false
						},
						"inputs": [
							{
								"referenceName": "DataSourceStore",
								"type": "DatasetReference",
								"parameters": {
									"FolderPath": {
										"value": "@pipeline().parameters.FolderPath_Source",
										"type": "Expression"
									},
									"LastModified_From": {
										"value": "@pipeline().parameters.LastModified_From",
										"type": "Expression"
									},
									"LastModified_To": {
										"value": "@pipeline().parameters.LastModified_To",
										"type": "Expression"
									}
								}
							}
						],
						"outputs": [
							{
								"referenceName": "DataDestinationStore",
								"type": "DatasetReference",
								"parameters": {
									"FolderPath": {
										"value": "@pipeline().parameters.FolderPath_Destination",
										"type": "Expression"
									}
								}
							}
						]
					}
				],
				"parameters": {
					"FolderPath_Source": {
						"type": "String",
						"defaultValue": "/<myfolder>/<sub_folder>/"
					},
					"FolderPath_Destination": {
						"type": "String",
						"defaultValue": "/<myfolder>/<sub_folder>/"
					},
					"LastModified_From": {
						"type": "String",
						"defaultValue": "2019-02-01T00:00:00Z"
					},
					"LastModified_To": {
						"type": "String",
						"defaultValue": "2019-03-01T00:00:00Z"
					}
				}
			},
			"dependsOn": [
				"[concat(variables('factoryId'), '/datasets/DataSourceStore')]",
				"[concat(variables('factoryId'), '/datasets/DataDestinationStore')]"
			]
		},
		{
			"name": "[concat(parameters('factoryName'), '/DataSourceStore')]",
			"type": "Microsoft.DataFactory/factories/datasets",
			"apiVersion": "2018-06-01",
			"properties": {
				"description": "Connection to your data source store.  ",
				"linkedServiceName": {
					"referenceName": "[parameters('DataSourceConnection')]",
					"type": "LinkedServiceReference"
				},
				"parameters": {
					"FolderPath": {
						"type": "String"
					},
					"LastModified_From": {
						"type": "String"
					},
					"LastModified_To": {
						"type": "String"
					}
				},
				"type": "AzureBlob",
				"typeProperties": {
					"fileName": "*",
					"folderPath": {
						"value": "@dataset().FolderPath",
						"type": "Expression"
					},
					"key": "*",					
					"bucketName": {
						"value": "@dataset().FolderPath",
						"type": "Expression"
					},					
					"modifiedDatetimeStart": {
						"value": "@dataset().LastModified_From",
						"type": "Expression"
					},
					"modifiedDatetimeEnd": {
						"value": "@dataset().LastModified_To",
						"type": "Expression"
					}
				}
			}
		},
		{
			"name": "[concat(parameters('factoryName'), '/DataDestinationStore')]",
			"type": "Microsoft.DataFactory/factories/datasets",
			"apiVersion": "2018-06-01",
			"properties": {
				"description": "Connection to your data destination store.  ",
				"linkedServiceName": {
					"referenceName": "[parameters('DataDestinationConnection')]",
					"type": "LinkedServiceReference"
				},
				"parameters": {
					"FolderPath": {
						"type": "String"
					}
				},
				"type": "AzureBlob",
				"typeProperties": {
					"folderPath": {
						"value": "@dataset().FolderPath",
						"type": "Expression"
					}
				}
			}
		}
	]
}