{
	"$schema": "http://schema.management.azure.com/schemas/2015-01-01/deploymentTemplate.json#",
	"contentVersion": "1.0.0.0",
	"parameters": {
		"factoryName": {
			"type": "string",
			"metadata": "Data Factory Name"
		},
		"DataSourceConnection": {
			"type": "string"
		},
		"DataDestinationConnection": {
			"type": "string"
		}
	},
	"variables": {
		"factoryId": "[concat('Microsoft.DataFactory/factories/', parameters('factoryName'))]"
	},
	"resources": [
		{
			"name": "[concat(parameters('factoryName'), '/Copy data from on premise SQL Server to SQL Datawarehouse')]",
			"type": "Microsoft.DataFactory/factories/pipelines",
			"apiVersion": "2017-09-01-preview",
			"properties": {
				"description": "Copy data from on premise SQL Server to SQL Data Warehouse.\n\nYou can also go to \"Copy Data Tool\" to get the pipeline for more connectors and scenarios.",
				"activities": [
					{
						"name": "SQL_to_SQLDataWarehouse",
						"description": "Copy data from SQL server to SQL Data Warehouse",
						"type": "Copy",
						"policy": {
							"timeout": "7.00:00:00",
							"retry": 0,
							"retryIntervalInSeconds": 30,
							"secureOutput": false,
							"secureInput": false
						},
						"typeProperties": {
							"source": {
								"type": "SqlSource"
							},
							"sink": {
								"type": "SqlDWSink",
								"allowPolyBase": true,
								"writeBatchSize": 10000,
								"polyBaseSettings": {
									"rejectValue": 0,
									"rejectType": "value",
									"useTypeDefault": true
								}
							},
							"enableStaging": true,
							"dataIntegrationUnits": 0
						},
						"inputs": [
							{
								"referenceName": "DataSource",
								"type": "DatasetReference"
							}
						],
						"outputs": [
							{
								"referenceName": "DataDestination",
								"type": "DatasetReference"
							}
						]
					}
				]
			},
			"dependsOn": [
				"[concat(variables('factoryId'), '/datasets/DataSource')]",
				"[concat(variables('factoryId'), '/datasets/DataDestination')]"
			]
		},
		{
			"name": "[concat(parameters('factoryName'), '/DataSource')]",
			"type": "Microsoft.DataFactory/factories/datasets",
			"apiVersion": "2017-09-01-preview",
			"properties": {
				"description": "Connect to your data source store.",
				"linkedServiceName": {
					"referenceName": "[parameters('DataSourceConnection')]",
					"type": "LinkedServiceReference"
				},
				"type": "SqlServerTable"
			}
		},
		{
			"name": "[concat(parameters('factoryName'), '/DataDestination')]",
			"type": "Microsoft.DataFactory/factories/datasets",
			"apiVersion": "2017-09-01-preview",
			"properties": {
				"description": "Connect to your data destination store.",
				"linkedServiceName": {
					"referenceName": "[parameters('DataDestinationConnection')]",
					"type": "LinkedServiceReference"
				},
				"type": "AzureSqlDWTable"
			}
		}
	]
}