{
  "name": "AnalyzeMarketingCampaignPipeline",
  "properties": {
    "description": "(v1.0) Join the Regional Campaign data and with Enriched Gamer Fact Data and push to Azure SQLD Database",
    "activities": [
      {
        "name": "JoinData",
        "description": "Join Regional Campaign data with Enriched Gamer Fact Data",
        "inputs": [
          {
            "name": "EnrichedGameEventsTable"
          },
          {
            "name": "RefMarketingCampaignTable"
          }
        ],
        "outputs": [
          {
            "name": "MarketingCampaignEffectivenessBlobTable"
          }
        ],
        "linkedServiceName": "HDInsightLinkedService",
        "type": "HDInsightHive",
        "typeProperties": {
          "scriptpath": "adfwalkthrough\\scripts\\transformdata.hql",
          "scriptLinkedService": "StorageLinkedService",
          "defines": {
            "EventsInput": "$$Text.Format('wasb://adfwalkthrough@<storageaccountname>.blob.core.windows.net/logs/enrichedgameevents/yearno={0:yyyy}/monthno={0:%M}/dayno={0:%d}/', SliceStart)",
            "CampaignInput": "wasb://adfwalkthrough@<storageaccountname>.blob.core.windows.net/refdata/refmarketingcampaign/",
            "CampaignOutput": "$$Text.Format('wasb://adfwalkthrough@<storageaccountname>.blob.core.windows.net/marketingcampaigneffectiveness/yearno={0:yyyy}/monthno={0:%M}/dayno={0:%d}/', SliceStart)"
          }
        },
        "policy": {
          "concurrency": 1,
          "executionPriorityOrder": "NewestFirst",
          "retry": 1,
          "timeout": "01:00:00"
        }
      },
      {
        "name": "EgressDataAzure",
        "description": "Push Regional Effectiveness Campaign data to Sql Azure",
        "type": "Copy",
        "inputs": [
          {
            "name": "MarketingCampaignEffectivenessBlobTable"
          }
        ],
        "outputs": [
          {
            "name": "MarketingCampaignEffectivenessSQLTable"
          }
        ],
        "typeProperties": {
          "source": {
            "type": "BlobSource"
          },
          "sink": {
            "type": "SqlSink",
            "SqlWriterTableType": "MarketingCampaignEffectivenessType",
            "SqlWriterStoredProcedureName": "spEgressOverwriteMarketingCampaignEffectiveness"
          }
        },
        "Policy": {
          "concurrency": 1,
          "executionPriorityOrder": "NewestFirst",
          "style": "StartOfInterval",
          "retry": 0,
          "timeout": "01:00:00"
        }
      }
    ]
  }
}