{
  "name": "PartitionGameLogsPipeline",
  "properties": {
    "description": "This is a sample pipeline to prepare the raw game event data for further processing (v1.0)",
    "activities": [
      {
        "name": "BlobPartitionHiveActivity",
        "inputs": [
          {
            "name": "RawGameEventsTable"
          }
        ],
        "outputs": [
          {
            "name": "PartitionedGameEventsTable"
          }
        ],
        "linkedServiceName": "HDInsightLinkedService",
        "type": "HDInsightHive",
        "typeProperties": {
          "scriptpath": "adfwalkthrough\\scripts\\partitionlogs.hql",
          "scriptLinkedService": "StorageLinkedService",
          "defines": {
            "RAWINPUT": "wasb://adfwalkthrough@<storageaccountname>.blob.core.windows.net/logs/rawgameevents/",
            "PARTITIONEDOUTPUT": "wasb://adfwalkthrough@<storageaccountname>.blob.core.windows.net/logs/partitionedgameevents/",
            "Year": "$$Text.Format('{0:yyyy}',SliceStart)",
            "Month": "$$Text.Format('{0:%M}',SliceStart)",
            "Day": "$$Text.Format('{0:%d}',SliceStart)"
          }
        },
        "policy": {
          "concurrency": 1,
          "executionPriorityOrder": "NewestFirst",
          "retry": 2,
          "timeout": "01:00:00"
        }
      }
    ]
  }
}