{
    "$schema": "http://schema.management.azure.com/schemas/2015-01-01/deploymentTemplate.json#",
    "contentVersion": "1.0.0.0",
    "parameters": {
        "factoryName": {
            "type": "string",
            "metadata": "Data Factory Name"
        },
        "On-Demand HDInsight Connection": {
            "type": "string"
        }
    },
    "variables": {
        "factoryId": "[concat('Microsoft.DataFactory/factories/', parameters('factoryName'))]"
    },
    "resources": [
        {
            "name": "[concat(parameters('factoryName'), '/Transform data using on-demand HDInsight')]",
            "type": "Microsoft.DataFactory/factories/pipelines",
            "apiVersion": "2018-06-01",
            "properties": {
                "description": "Use the template to create a simple word count PySpark application which counts the number of words in a document and outputs the value in a text file. \n",
                "activities": [
                    {
                        "name": "ProcessData",
                        "description": "PySpark application for counting words in a document.",
                        "type": "HDInsightSpark",
                        "policy": {
                            "timeout": "7.00:00:00",
                            "retry": 0,
                            "retryIntervalInSeconds": 30,
                            "secureOutput": false,
                            "secureInput": false
                        },
                        "typeProperties": {
                            "rootPath": "adftutorial/spark/script",
                            "entryFilePath": "WordCount_Spark.py",
                            "arguments": [
                                "@pipeline().RunId"
                            ],
                            "getDebugInfo": "Always",
                            "sparkConfig": {
                                "runid": {
                                    "value": "@pipeline().RunId",
                                    "type": "Expression"
                                }
                            },
                            "sparkJobLinkedService": {
                                "referenceName": "hdiOnDemand_storage_ls",
                                "type": "LinkedServiceReference"
                            }
                        },
                        "linkedServiceName": {
                            "referenceName": "[parameters('On-Demand HDInsight Connection')]",
                            "type": "LinkedServiceReference"
                        }
                    }
                ]
            }
        }
    ]
}