{"$schema":"http://schema.management.azure.com/schemas/2015-01-01/deploymentTemplate.json#","contentVersion":"1.0.0.0","parameters":{"factoryName":{"type":"string","metadata":"Data Factory name"},"SupportDatabase":{"type":"string"}},"variables":{"factoryId":"[concat('Microsoft.DataFactory/factories/', parameters('factoryName'))]"},"resources":[{"name":"[concat(parameters('factoryName'), '/Intentional Error')]","type":"Microsoft.DataFactory/factories/pipelines","apiVersion":"2018-06-01","properties":{"description":"Used just so the ADF.procfwk has something to call during development.","activities":[{"name":"Wait1","type":"Wait","dependsOn":[],"userProperties":[],"typeProperties":{"waitTimeInSeconds":{"value":"@pipeline().parameters.WaitTime","type":"Expression"}}},{"name":"Raise Errors or Not","type":"IfCondition","dependsOn":[{"activity":"Wait1","dependencyConditions":["Succeeded"]}],"userProperties":[],"typeProperties":{"expression":{"value":"@equals(pipeline().parameters.RaiseErrors,'true')","type":"Expression"},"ifTrueActivities":[{"name":"Call Fail Procedure","type":"SqlServerStoredProcedure","dependsOn":[],"policy":{"timeout":"7.00:00:00","retry":0,"retryIntervalInSeconds":30,"secureOutput":false,"secureInput":false},"userProperties":[],"typeProperties":{"storedProcedureName":"[[dbo].[FailProcedure]","storedProcedureParameters":{"RaiseError":{"value":{"value":"@pipeline().parameters.RaiseErrors","type":"Expression"},"type":"String"}}},"linkedServiceName":{"referenceName":"[parameters('SupportDatabase')]","type":"LinkedServiceReference"}}]}}],"parameters":{"RaiseErrors":{"type":"string","defaultValue":"false"},"WaitTime":{"type":"int","defaultValue":5}},"folder":{"name":"_Workers"},"annotations":["Worker"]},"dependsOn":[]}]}