{"$schema":"http://schema.management.azure.com/schemas/2015-01-01/deploymentTemplate.json#","contentVersion":"1.0.0.0","parameters":{"factoryName":{"type":"string","metadata":"Data Factory name"},"SupportDatabase":{"type":"string"},"FrameworkFunctions":{"type":"string"}},"variables":{"factoryId":"[concat('Microsoft.DataFactory/factories/', parameters('factoryName'))]"},"resources":[{"name":"[concat(parameters('factoryName'), '/01-Grandparent')]","type":"Microsoft.DataFactory/factories/pipelines","apiVersion":"2018-06-01","properties":{"description":"ADF.procfwk grandparent pipeline used optionally to bootstrap any wider processes in your Data Factory that then calls the processing framework.","activities":[{"name":"Framework Processing","type":"ExecutePipeline","dependsOn":[{"activity":"Set Random Waits","dependencyConditions":["Succeeded"]}],"userProperties":[],"typeProperties":{"pipeline":{"referenceName":"02-Parent","type":"PipelineReference"},"waitOnCompletion":true,"parameters":{}}},{"name":"Set Random Waits","description":"For functional testing only.","type":"SqlServerStoredProcedure","dependsOn":[],"policy":{"timeout":"7.00:00:00","retry":0,"retryIntervalInSeconds":30,"secureOutput":false,"secureInput":false},"userProperties":[],"typeProperties":{"storedProcedureName":"[[dbo].[SetRandomWaitValues]"},"linkedServiceName":{"referenceName":"[parameters('SupportDatabase')]","type":"LinkedServiceReference"}}],"folder":{"name":"_ProcFwk"},"annotations":["ADF.procfwk"]},"dependsOn":["[concat(variables('factoryId'), '/pipelines/02-Parent')]"]},{"name":"[concat(parameters('factoryName'), '/02-Parent')]","type":"Microsoft.DataFactory/factories/pipelines","apiVersion":"2018-06-01","properties":{"description":"ADF.procfwk parent pipeline used to bootstrap the orchestration framework in perform the first level ForEach calls in sequence for the metadata stages.","activities":[{"name":"Get Stages","description":"Returns a distinct list of execution stages within the framework metadata.","type":"Lookup","dependsOn":[{"activity":"Execution Wrapper","dependencyConditions":["Succeeded"]}],"policy":{"timeout":"7.00:00:00","retry":0,"retryIntervalInSeconds":30,"secureOutput":false,"secureInput":false},"userProperties":[],"typeProperties":{"source":{"type":"AzureSqlSource","sqlReaderStoredProcedureName":"[[procfwk].[GetStages]","storedProcedureParameters":{"ExecutionId":{"type":"Guid","value":{"value":"@activity('Execution Wrapper').output.firstRow.ExecutionId","type":"Expression"}}},"queryTimeout":"02:00:00","partitionOption":"None"},"firstRowOnly":false}},{"name":"Execute Stages","description":"Top level ForEach to sequentially call all processing stages within the framework metadata. Items for iteration passed from the Get Stages lookup activity.","type":"ForEach","dependsOn":[{"activity":"Get Stages","dependencyConditions":["Succeeded"]},{"activity":"Get Tenant Id","dependencyConditions":["Succeeded"]},{"activity":"Get Subscription Id","dependencyConditions":["Succeeded"]}],"userProperties":[],"typeProperties":{"items":{"value":"@activity('Get Stages').output.value","type":"Expression"},"isSequential":true,"activities":[{"name":"Stage Executor","description":"Call to the framework generic child pipeline for a given execution stage.","type":"ExecutePipeline","dependsOn":[{"activity":"Log Stage Preparing","dependencyConditions":["Succeeded"]}],"userProperties":[],"typeProperties":{"waitOnCompletion":true,"parameters":{"StageId":{"value":"@item().StageId","type":"Expression"},"ExecutionId":{"value":"@activity('Execution Wrapper').output.firstRow.ExecutionId","type":"Expression"},"TenantId":{"value":"@activity('Get Tenant Id').output.firstRow.PropertyValue","type":"Expression"},"SubscriptionId":{"value":"@activity('Get Subscription Id').output.firstRow.PropertyValue","type":"Expression"}}}},{"name":"Log Stage Preparing","description":"Update the current execution table flagging all pipelines within the stage as preparing.","type":"SqlServerStoredProcedure","dependsOn":[{"activity":"Check and Update Blockers","dependencyConditions":["Succeeded"]}],"policy":{"timeout":"7.00:00:00","retry":0,"retryIntervalInSeconds":30,"secureOutput":false,"secureInput":false},"userProperties":[],"typeProperties":{"storedProcedureName":"[[procfwk].[SetLogStagePreparing]","storedProcedureParameters":{"ExecutionId":{"value":{"value":"@activity('Execution Wrapper').output.firstRow.ExecutionId","type":"Expression"},"type":"Guid"},"StageId":{"value":{"value":"@item().StageId","type":"Expression"},"type":"Int32"}}},"linkedServiceName":{"referenceName":"[parameters('SupportDatabase')]","type":"LinkedServiceReference"}},{"name":"Check and Update Blockers","description":"Used to double check and stop the next execution stage if failures and blockers have be incurred. This also depends on the failure handling property value which defines the stored procedure behaviour.","type":"SqlServerStoredProcedure","dependsOn":[],"policy":{"timeout":"7.00:00:00","retry":0,"retryIntervalInSeconds":30,"secureOutput":false,"secureInput":false},"userProperties":[],"typeProperties":{"storedProcedureName":"[[procfwk].[CheckForBlockedPipelines]","storedProcedureParameters":{"StageId":{"value":{"value":"@item().StageId","type":"Expression"},"type":"Int32"}}},"linkedServiceName":{"referenceName":"[parameters('SupportDatabase')]","type":"LinkedServiceReference"}}]}},{"name":"Execution Wrapper","description":"Wrapper to reset and restart processing or create a completely new execution instance of the framework metadata.","type":"Lookup","dependsOn":[{"activity":"Clean Up Previous Run","dependencyConditions":["Succeeded"]}],"policy":{"timeout":"7.00:00:00","retry":0,"retryIntervalInSeconds":30,"secureOutput":false,"secureInput":false},"userProperties":[],"typeProperties":{"source":{"type":"AzureSqlSource","sqlReaderStoredProcedureName":"[[procfwk].[ExecutionWrapper]","storedProcedureParameters":{"CallingDataFactory":{"type":"String","value":{"value":"@pipeline().DataFactory","type":"Expression"}}},"queryTimeout":"02:00:00","partitionOption":"None"}}},{"name":"Check Outcome and Update Logs","description":"After a successful execution run the current execution metadata is moved to the long term logging table by this stored procedure call. Otherwise an error will be raised.","type":"SqlServerStoredProcedure","dependsOn":[{"activity":"Execute Stages","dependencyConditions":["Succeeded"]}],"policy":{"timeout":"7.00:00:00","retry":0,"retryIntervalInSeconds":30,"secureOutput":false,"secureInput":false},"userProperties":[],"typeProperties":{"storedProcedureName":"[[procfwk].[UpdateExecutionLog]"},"linkedServiceName":{"referenceName":"[parameters('SupportDatabase')]","type":"LinkedServiceReference"}},{"name":"Get Tenant Id","description":"Returning the Azure Tenant Id from the metadata properties table.","type":"Lookup","dependsOn":[{"activity":"Metadata Integrity Checks","dependencyConditions":["Succeeded"]}],"policy":{"timeout":"7.00:00:00","retry":0,"retryIntervalInSeconds":30,"secureOutput":false,"secureInput":false},"userProperties":[],"typeProperties":{"source":{"type":"AzureSqlSource","sqlReaderStoredProcedureName":"[[procfwk].[GetPropertyValue]","storedProcedureParameters":{"PropertyName":{"type":"String","value":"TenantId"}},"queryTimeout":"02:00:00","partitionOption":"None"},"firstRowOnly":true}},{"name":"Get Subscription Id","description":"Returning the Azure Subscription Id from the metadata properties table.","type":"Lookup","dependsOn":[{"activity":"Metadata Integrity Checks","dependencyConditions":["Succeeded"]}],"policy":{"timeout":"7.00:00:00","retry":0,"retryIntervalInSeconds":30,"secureOutput":false,"secureInput":true},"userProperties":[],"typeProperties":{"source":{"type":"AzureSqlSource","sqlReaderStoredProcedureName":"[[procfwk].[GetPropertyValue]","storedProcedureParameters":{"PropertyName":{"type":"String","value":"SubscriptionId"}},"queryTimeout":"02:00:00","partitionOption":"None"}}},{"name":"Metadata Integrity Checks","description":"Performs a series of checks on all metadata held in the framework SQLDB. This is intended to raise errors before an execution run even starts.","type":"Lookup","dependsOn":[],"policy":{"timeout":"7.00:00:00","retry":0,"retryIntervalInSeconds":30,"secureOutput":false,"secureInput":false},"userProperties":[],"typeProperties":{"source":{"type":"AzureSqlSource","sqlReaderStoredProcedureName":"[[procfwk].[CheckMetadataIntegrity]","storedProcedureParameters":{"DebugMode":{"type":"Boolean","value":"false"}},"queryTimeout":"02:00:00","partitionOption":"None"},"firstRowOnly":false}},{"name":"Clean Up Previous Run","description":"Handle Worker pipelines that are reported as Running when the parent pipeline is called again. Get what the actual status of those pipelines is.","type":"ForEach","dependsOn":[{"activity":"Metadata Integrity Checks","dependencyConditions":["Succeeded"]}],"userProperties":[],"typeProperties":{"items":{"value":"@activity('Metadata Integrity Checks').output.value","type":"Expression"},"isSequential":false,"activities":[{"name":"Get SPN Details","type":"Lookup","dependsOn":[],"policy":{"timeout":"7.00:00:00","retry":0,"retryIntervalInSeconds":30,"secureOutput":false,"secureInput":false},"userProperties":[],"typeProperties":{"source":{"type":"AzureSqlSource","sqlReaderStoredProcedureName":"[[procfwk].[GetServicePrincipal]","storedProcedureParameters":{"DataFactory":{"type":"String","value":{"value":"@item().DataFactoryName","type":"Expression"}},"PipelineName":{"type":"String","value":{"value":"@item().PipelineName","type":"Expression"}}},"queryTimeout":"02:00:00","partitionOption":"None"}}},{"name":"Log Pipeline Checking","type":"SqlServerStoredProcedure","dependsOn":[],"policy":{"timeout":"7.00:00:00","retry":0,"retryIntervalInSeconds":30,"secureOutput":false,"secureInput":false},"userProperties":[],"typeProperties":{"storedProcedureName":"[[procfwk].[SetLogPipelineChecking]","storedProcedureParameters":{"ExecutionId":{"value":{"value":"@item().LocalExecutionId","type":"Expression"},"type":"Guid"},"PipelineId":{"value":{"value":"@item().PipelineId","type":"Expression"},"type":"Int32"},"StageId":{"value":{"value":"@item().StageId","type":"Expression"},"type":"Int32"}}},"linkedServiceName":{"referenceName":"[parameters('SupportDatabase')]","type":"LinkedServiceReference"}},{"name":"Get Pipeline Status","type":"AzureFunctionActivity","dependsOn":[{"activity":"Get SPN Details","dependencyConditions":["Succeeded"]},{"activity":"Log Pipeline Checking","dependencyConditions":["Succeeded"]}],"policy":{"timeout":"7.00:00:00","retry":0,"retryIntervalInSeconds":30,"secureOutput":false,"secureInput":false},"userProperties":[],"typeProperties":{"functionName":"CheckPipelineStatus","method":"POST","headers":{},"body":{"value":"@concat('\n{\n    \"tenantId\": \"',item().TenantId,'\",\n    \"applicationId\": \"',activity('Get SPN Details').output.firstRow.Id,'\",\n    \"authenticationKey\": \"',activity('Get SPN Details').output.firstRow.Secret,'\",\n    \"subscriptionId\": \"',item().SubscriptionId,'\",\n    \"resourceGroup\": \"',item().ResourceGroupName,'\",\n    \"factoryName\": \"',item().DataFactoryName,'\",\n    \"pipelineName\": \"',item().PipelineName,'\",\n    \"runId\": \"',item().AdfPipelineRunId,'\"\n}')","type":"Expression"}},"linkedServiceName":{"referenceName":"[parameters('FrameworkFunctions')]","type":"LinkedServiceReference"}},{"name":"Set Pipeline Status","type":"Switch","dependsOn":[{"activity":"Get Pipeline Status","dependencyConditions":["Succeeded"]}],"userProperties":[],"typeProperties":{"on":{"value":"@activity('Get Pipeline Status').output.Status","type":"Expression"},"cases":[{"value":"Failed","activities":[{"name":"Pipeline Status Failed","type":"SqlServerStoredProcedure","dependsOn":[],"policy":{"timeout":"7.00:00:00","retry":0,"retryIntervalInSeconds":30,"secureOutput":false,"secureInput":false},"userProperties":[],"typeProperties":{"storedProcedureName":"[[procfwk].[SetLogPipelineFailed]","storedProcedureParameters":{"ExecutionId":{"value":{"value":"@item().LocalExecutionId","type":"Expression"},"type":"Guid"},"PipelineId":{"value":{"value":"@item().PipelineId","type":"Expression"},"type":"Int32"},"RunId":{"value":null,"type":"Guid"},"StageId":{"value":{"value":"@item().StageId","type":"Expression"},"type":"Int32"}}},"linkedServiceName":{"referenceName":"[parameters('SupportDatabase')]","type":"LinkedServiceReference"}}]},{"value":"Succeeded","activities":[{"name":"Pipeline Status Succeeded","type":"SqlServerStoredProcedure","dependsOn":[],"policy":{"timeout":"7.00:00:00","retry":0,"retryIntervalInSeconds":30,"secureOutput":false,"secureInput":false},"userProperties":[],"typeProperties":{"storedProcedureName":"[[procfwk].[SetLogPipelineSuccess]","storedProcedureParameters":{"ExecutionId":{"value":{"value":"@item().LocalExecutionId","type":"Expression"},"type":"Guid"},"PipelineId":{"value":{"value":"@item().PipelineId","type":"Expression"},"type":"Int32"},"StageId":{"value":{"value":"@item().StageId","type":"Expression"},"type":"Int32"}}},"linkedServiceName":{"referenceName":"[parameters('SupportDatabase')]","type":"LinkedServiceReference"}}]},{"value":"Queued","activities":[{"name":"Pipeline Status Queued - Running","type":"SqlServerStoredProcedure","dependsOn":[],"policy":{"timeout":"7.00:00:00","retry":0,"retryIntervalInSeconds":30,"secureOutput":false,"secureInput":false},"userProperties":[],"typeProperties":{"storedProcedureName":"[[procfwk].[SetLogPipelineRunning]","storedProcedureParameters":{"ExecutionId":{"value":{"value":"@item().LocalExecutionId","type":"Expression"},"type":"Guid"},"PipelineId":{"value":{"value":"@item().PipelineId","type":"Expression"},"type":"Int32"},"StageId":{"value":{"value":"@item().StageId","type":"Expression"},"type":"Int32"}}},"linkedServiceName":{"referenceName":"[parameters('SupportDatabase')]","type":"LinkedServiceReference"}}]},{"value":"InProgress","activities":[{"name":"Pipeline Status InProgress - Running","type":"SqlServerStoredProcedure","dependsOn":[],"policy":{"timeout":"7.00:00:00","retry":0,"retryIntervalInSeconds":30,"secureOutput":false,"secureInput":false},"userProperties":[],"typeProperties":{"storedProcedureName":"[[procfwk].[SetLogPipelineRunning]","storedProcedureParameters":{"ExecutionId":{"value":{"value":"@item().LocalExecutionId","type":"Expression"},"type":"Guid"},"PipelineId":{"value":{"value":"@item().PipelineId","type":"Expression"},"type":"Int32"},"StageId":{"value":{"value":"@item().StageId","type":"Expression"},"type":"Int32"}}},"linkedServiceName":{"referenceName":"[parameters('SupportDatabase')]","type":"LinkedServiceReference"}}]}],"defaultActivities":[{"name":"Pipeline Status Unknown","type":"SqlServerStoredProcedure","dependsOn":[],"policy":{"timeout":"7.00:00:00","retry":0,"retryIntervalInSeconds":30,"secureOutput":false,"secureInput":false},"userProperties":[],"typeProperties":{"storedProcedureName":"[[procfwk].[SetLogPipelineUnknown]","storedProcedureParameters":{"ExecutionId":{"value":{"value":"@item().LocalExecutionId","type":"Expression"},"type":"Guid"},"PipelineId":{"value":{"value":"@item().PipelineId","type":"Expression"},"type":"Int32"},"StageId":{"value":{"value":"@item().StageId","type":"Expression"},"type":"Int32"}}},"linkedServiceName":{"referenceName":"[parameters('SupportDatabase')]","type":"LinkedServiceReference"}}]}},{"name":"Set Last Check DateTime","type":"SqlServerStoredProcedure","dependsOn":[{"activity":"Get Pipeline Status","dependencyConditions":["Succeeded"]}],"policy":{"timeout":"7.00:00:00","retry":0,"retryIntervalInSeconds":30,"secureOutput":false,"secureInput":false},"userProperties":[],"typeProperties":{"storedProcedureName":"[[procfwk].[SetLogPipelineLastStatusCheck]","storedProcedureParameters":{"ExecutionId":{"value":{"value":"@item().LocalExecutionId","type":"Expression"},"type":"Guid"},"PipelineId":{"value":{"value":"@item().PipelineId","type":"Expression"},"type":"Int32"},"StageId":{"value":{"value":"@item().StageId","type":"Expression"},"type":"Int32"}}},"linkedServiceName":{"referenceName":"[parameters('SupportDatabase')]","type":"LinkedServiceReference"}}]}}],"folder":{"name":"_ProcFwk"},"annotations":["ADF.procfwk"]},"dependsOn":[]}]}