{
  "name": "EgressDataToOnPremPipeline",
  "properties": {
    "description": "Egress data to on-premises SQL Server (v1.0)",
    "activities": [
      {
        "name": "EgressDataToSqlServer",
        "description": "Push Regional Effectiveness Campaign data to On-Premises SQL Server",
        "type": "Copy",
        "inputs": [
          {
            "name": "MarketingCampaignEffectivenessBlobTable"
          }
        ],
        "outputs": [
          {
            "name": "MarketingCampaignEffectivenessOnPremSQLTable"
          }
        ],
        "typeProperties": {
          "source": {
            "type": "BlobSource"
          },
          "sink": {
            "type": "SqlSink",
            "SqlWriterTableType": "MarketingCampaignEffectivenessType",
            "SqlWriterStoredProcedureName": "spEgressOverwriteMarketingCampaignEffectiveness"
          }
        },
        "Policy": {
          "concurrency": 1,
          "executionPriorityOrder": "NewestFirst",
          "style": "StartOfInterval",
          "retry": 0,
          "timeout": "01:00:00"
        }
      }
    ]
  }
}