{
  "name": "AnalyzeContosoTweetsSentimentML",
  "properties": {
    "description": "Analyse Twitter feed sentiment",
    "activities": [
      {
        "name": "SentimentAnalysisMLActivity",
        "description": "Get Sentiment and Confident Level of Tweets using a ML Model",
        "inputs": [
          {
            "name": "ContosoTweetsBlob"
          }
        ],
        "outputs": [
          {
            "name": "ContosoTweetsSentimentBlob"
          }
        ],
        "linkedServiceName": "HDInsightLinkedService",
        "type": "DotNetActivity",
        "typeProperties": {
          "assemblyName": "SentimentAnalysisService.dll",
          "entryPoint": "SentimentAnalysisService.SentimentAnalysis",
          "packageLinkedService": "StorageLinkedService",
          "packageFile": "twitteranalysis/twitter/packages/SentimentAnalysis.zip",
          "extendedProperties": {
            "SliceStart": "$$Text.Format('{0:yyyyMMddHH-mm}', Time.AddMinutes(SliceStart, 0))",
            "baseUrl": "<URL to Sentiment Analysis Azure ML Model",
            "apiKey": "<API Key to above Model>"
          }
        },
        "policy": {
          "concurrency": 1,
          "executionPriorityOrder": "NewestFirst",
          "retry": 1,
          "timeout": "02:00:00"
        }
      }
    ]
  }
}
