{
  "name": "ContosoTweetsSentimentBlob",
  "properties": {
    "structure": [
      {
        "name": "TweetText",
        "position": 0,
        "type": "String"
      },
      {
        "name": "AssignedSentiment",
        "position": 1,
        "type": "String"
      },
      {
        "name": "ConfidenceLevel",
        "position": 2,
        "type": "String"
      }
    ],
    "type": "AzureBlob",
    "linkedServiceName": "StorageLinkedService",
    "typeProperties": {
      "folderPath": "twitteranalysis/twitter/sentiment/Tweets/",
      "fileName": "TweetsSentiment.csv",
      "format": {
        "type": "TextFormat",
        "columnDelimiter": ","
      }
    },
    "availability": {
      "frequency": "minute",
      "interval": 15
    }
  }
}