{
  "name": "ContosoTweetsAggSentimentSQLTable",
  "properties": {
    "structure": [
      {
        "name": "TweetSentimentCount",
        "position": 0,
        "type": "Int"
      },
      {
        "name": "TweetSentiment",
        "position": 1,
        "type": "String"
      }
    ],
    "type": "AzureSqlTable",
    "linkedServiceName": "AzureSqlLinkedService",
    "typeProperties": {
      "tableName": "ContosoAggTweetsSentiment"
    },
    "availability": {
      "frequency": "minute",
      "interval": 15
    }
  }
}